zone_id,start_date,end_date,start_timestamp,end_timestamp,min_price,max_price,price_range_pct,breakout_direction,trade_result,trade_pnl_r,r_multiple,trading_score,candles_in_zone,duration_hours,reached_2r,reached_3r
zone_1468_1770071001,2026-01-13 06:05,2026-01-13 10:10,1768302300000,1768317000000,91991.2,92230.6,0.26,UP,WIN,2.0,18.48,100,50,4.1,True,True
zone_1588_1770071002,2025-12-02 06:25,2025-12-02 09:00,1764674700000,1764684000000,87100.0,87662.4,0.65,UP,WIN,2.0,8.24,100,32,2.6,True,True
zone_1596_1770071002,2025-12-05 08:30,2025-12-05 11:00,1764941400000,1764950400000,90176.0,90887.9,0.79,DOWN,WIN,2.0,3.05,100,31,2.5,True,True
zone_1652_1770071002,2025-12-01 20:35,2025-12-01 22:40,1764639300000,1764646800000,86227.1,86692.6,0.54,UP,WIN,2.0,2.08,100,26,2.1,True,False
zone_1703_1770071003,2025-11-14 04:45,2025-11-14 06:25,1763113500000,1763119500000,96681.7,97112.4,0.45,DOWN,WIN,2.0,5.07,100,21,1.7,True,True
zone_1722_1770071003,2026-01-12 08:35,2026-01-12 10:10,1768224900000,1768230600000,90515.5,90745.1,0.25,UP,WIN,2.0,6.77,100,20,1.6,True,True
zone_1736_1770071003,2026-01-31 07:35,2026-01-31 09:05,1769862900000,1769868300000,82650.0,82936.3,0.35,DOWN,WIN,2.0,24.31,100,19,1.5,True,True
zone_1746_1770071003,2025-11-24 11:00,2025-11-24 12:20,1764000000000,1764004800000,86576.2,87297.8,0.83,UP,WIN,2.0,2.60,100,17,1.3,True,False
zone_1772_1770071003,2026-01-23 10:50,2026-01-23 12:05,1769183400000,1769187900000,89452.8,89933.4,0.54,UP,WIN,2.0,2.59,100,16,1.2,True,False
zone_1815_1770071003,2025-12-26 08:35,2025-12-26 09:35,1766756100000,1766759700000,88786.4,89069.0,0.32,DOWN,WIN,2.0,7.67,100,13,1.0,True,True
zone_1731_1770071003,2025-12-29 02:50,2025-12-29 04:20,1766994600000,1767000000000,89427.0,89788.0,0.40,DOWN,WIN,2.0,7.41,100,19,1.5,True,True
zone_1685_1770071002,2025-11-25 20:35,2025-11-25 22:25,1764120900000,1764127500000,87781.2,88200.0,0.48,DOWN,WIN,2.0,2.78,100,23,1.8,True,False
zone_1778_1770071003,2025-11-26 11:15,2025-11-26 12:25,1764173700000,1764177900000,87462.5,87924.5,0.53,UP,WIN,2.0,6.49,100,15,1.2,True,True
zone_1630_1770071002,2026-01-03 15:50,2026-01-03 18:10,1767473400000,1767481800000,90280.0,90489.0,0.23,UP,WIN,2.0,6.16,100,29,2.3,True,True
zone_1837_1770071003,2025-12-18 11:10,2025-12-18 12:00,1766074200000,1766077200000,87811.0,88472.7,0.75,DOWN,WIN,2.0,5.14,99,11,0.8,True,True
zone_1491_1770071001,2026-01-19 13:15,2026-01-19 17:20,1768846500000,1768861200000,92869.7,93088.7,0.24,DOWN,WIN,2.0,9.62,99,50,4.1,True,True
zone_1755_1770071003,2026-01-04 11:45,2026-01-04 13:05,1767545100000,1767549900000,91247.7,91400.0,0.17,DOWN,WIN,2.0,2.88,99,17,1.3,True,False
zone_1802_1770071003,2026-01-17 16:05,2026-01-17 17:10,1768683900000,1768687800000,95235.6,95378.9,0.15,DOWN,WIN,2.0,2.93,99,14,1.1,True,False
zone_1741_1770071003,2025-12-13 14:25,2025-12-13 15:50,1765653900000,1765659000000,90088.0,90197.2,0.12,DOWN,WIN,2.0,3.44,98,18,1.4,True,True
zone_1265_1770071000,2025-11-09 15:25,2025-11-09 19:30,1762719900000,1762734600000,104412.2,104650.0,0.23,UP,WIN,2.0,8.35,97,50,4.1,True,True
zone_1526_1770071002,2026-02-01 05:45,2026-02-01 09:50,1769942700000,1769957400000,78116.0,78488.8,0.48,DOWN,WIN,2.0,6.58,97,50,4.1,True,True
zone_1825_1770071003,2025-12-15 08:50,2025-12-15 09:45,1765806600000,1765809900000,89281.8,89676.0,0.44,DOWN,WIN,2.0,10.66,96,12,0.9,True,True
zone_1609_1770071002,2025-11-18 07:45,2025-11-18 10:10,1763469900000,1763478600000,91304.6,91808.3,0.55,UP,WIN,2.0,3.95,96,30,2.4,True,True
zone_1757_1770071003,2025-11-07 02:25,2025-11-07 03:40,1762500300000,1762504800000,101580.9,102019.1,0.43,DOWN,WIN,2.0,5.43,96,16,1.2,True,True
zone_1355_1770071001,2025-12-12 06:05,2025-12-12 10:10,1765537500000,1765552200000,92236.6,92441.9,0.22,DOWN,WIN,2.0,13.74,96,50,4.1,True,True
zone_1619_1770071002,2025-11-09 06:00,2025-11-09 08:20,1762686000000,1762694400000,101834.8,102310.5,0.47,UP,WIN,2.0,5.79,96,29,2.3,True,True
zone_1562_1770071002,2025-11-12 00:20,2025-11-12 03:15,1762924800000,1762935300000,103222.0,103425.4,0.20,UP,WIN,2.0,9.30,95,36,2.9,True,True
zone_1767_1770071003,2026-01-01 05:25,2026-01-01 06:40,1767263100000,1767267600000,87750.8,87833.3,0.09,UP,WIN,2.0,8.07,94,16,1.2,True,True
zone_1860_1770071003,2025-11-08 05:50,2025-11-08 06:30,1762599000000,1762601400000,102386.7,102585.3,0.19,DOWN,WIN,2.0,4.92,94,9,0.7,True,True
zone_1774_1770071003,2025-11-10 21:55,2025-11-10 23:05,1762829700000,1762833900000,106454.8,107062.3,0.57,DOWN,WIN,2.0,2.91,94,15,1.2,True,False
zone_1866_1770071003,2025-11-28 08:05,2025-11-28 08:45,1764335100000,1764337500000,91319.2,91890.0,0.63,UP,WIN,2.0,2.09,94,9,0.7,True,False
zone_1752_1770071003,2026-01-01 10:55,2026-01-01 12:15,1767282900000,1767287700000,87836.3,88010.0,0.20,UP,WIN,2.0,5.08,94,17,1.3,True,True
zone_1289_1770071000,2025-11-17 13:50,2025-11-17 17:55,1763405400000,1763420100000,92050.0,92864.1,0.88,DOWN,WIN,2.0,3.45,94,50,4.1,True,True
zone_1788_1770071003,2026-01-27 13:55,2026-01-27 15:05,1769540100000,1769544300000,87972.3,88480.7,0.58,UP,WIN,2.0,2.00,94,15,1.2,True,False
zone_1537_1770071002,2025-11-12 21:20,2025-11-13 00:30,1763000400000,1763011800000,101930.1,102292.6,0.36,UP,WIN,2.0,4.80,94,39,3.2,True,True
zone_1763_1770071003,2025-12-17 08:35,2025-12-17 09:50,1765978500000,1765983000000,87078.0,87855.3,0.89,UP,WIN,2.0,3.20,93,16,1.2,True,True
zone_1795_1770071003,2025-12-26 01:30,2025-12-26 02:35,1766730600000,1766734500000,89009.3,89228.8,0.25,DOWN,WIN,2.0,10.89,92,14,1.1,True,True
zone_1850_1770071003,2025-12-10 20:10,2025-12-10 20:55,1765415400000,1765418100000,90650.0,91242.6,0.65,DOWN,WIN,2.0,2.22,92,10,0.8,True,False
zone_1294_1770071000,2025-11-19 20:55,2025-11-20 01:00,1763603700000,1763618400000,92360.0,92783.0,0.46,DOWN,WIN,2.0,4.71,91,50,4.1,True,True
zone_1713_1770071003,2025-11-10 10:50,2025-11-10 12:25,1762789800000,1762795500000,104602.1,105310.0,0.68,UP,WIN,2.0,3.07,91,20,1.6,True,True
zone_1302_1770071000,2025-11-23 09:20,2025-11-23 13:25,1763907600000,1763922300000,86435.2,86890.3,0.53,UP,WIN,2.0,2.62,91,50,4.1,True,False
zone_1700_1770071003,2026-01-14 18:30,2026-01-14 20:15,1768433400000,1768439700000,96725.0,97055.0,0.34,DOWN,WIN,2.0,3.06,90,22,1.8,True,True
zone_1584_1770071002,2025-12-18 23:15,2025-12-19 01:55,1766117700000,1766127300000,86909.2,87340.4,0.50,UP,WIN,2.0,4.73,90,33,2.7,True,True
zone_1704_1770071003,2025-11-20 19:20,2025-11-20 21:00,1763684400000,1763690400000,86973.7,87460.0,0.56,DOWN,WIN,2.0,11.67,90,21,1.7,True,True
zone_1253_1770071000,2025-11-05 02:25,2025-11-05 06:30,1762327500000,1762342200000,101640.0,102129.1,0.48,UP,WIN,2.0,4.85,90,50,4.1,True,True
zone_1576_1770071002,2026-01-26 15:10,2026-01-26 18:00,1769458200000,1769468400000,87669.2,87979.9,0.35,UP,WIN,2.0,3.21,90,35,2.8,True,True
zone_1474_1770071001,2026-01-14 23:25,2026-01-15 03:30,1768451100000,1768465800000,96112.5,96437.9,0.34,UP,WIN,2.0,2.26,90,50,4.1,True,False
zone_1534_1770071002,2026-01-23 07:30,2026-01-23 10:45,1769171400000,1769183100000,89042.0,89338.0,0.33,UP,WIN,2.0,6.22,90,40,3.2,True,True
zone_1874_1770071004,2025-12-25 20:25,2025-12-25 21:05,1766712300000,1766714700000,87255.1,87486.7,0.27,UP,WIN,2.0,8.86,90,9,0.7,True,True
zone_1820_1770071003,2026-01-28 05:40,2026-01-28 06:40,1769596800000,1769600400000,89274.1,89485.0,0.24,UP,WIN,2.0,5.27,90,13,1.0,True,True
zone_1678_1770071002,2026-01-03 00:15,2026-01-03 02:10,1767417300000,1767424200000,89868.4,90046.5,0.20,DOWN,WIN,2.0,3.44,89,24,1.9,True,True
zone_1745_1770071003,2025-11-12 08:25,2025-11-12 09:45,1762953900000,1762958700000,104671.9,105147.6,0.45,DOWN,WIN,2.0,8.26,89,17,1.3,True,True
zone_1871_1770071004,2025-12-11 16:35,2025-12-11 17:15,1765488900000,1765491300000,92777.4,93389.4,0.66,DOWN,WIN,2.0,2.26,89,9,0.7,True,False
zone_1600_1770071002,2025-12-21 00:55,2025-12-21 03:25,1766296500000,1766305500000,88058.2,88160.0,0.12,UP,WIN,2.0,8.71,89,31,2.5,True,True
zone_1603_1770071002,2026-01-09 07:50,2026-01-09 10:20,1767963000000,1767972000000,90382.5,90688.6,0.34,UP,WIN,2.0,4.29,89,31,2.5,True,True
zone_1629_1770071002,2025-12-14 05:35,2025-12-14 07:55,1765708500000,1765716900000,89425.0,89912.0,0.54,DOWN,WIN,2.0,2.36,89,29,2.3,True,False
zone_1460_1770071001,2026-01-11 03:25,2026-01-11 07:30,1768119900000,1768134600000,90632.6,90780.9,0.16,UP,WIN,2.0,3.19,89,50,4.1,True,True
zone_1765_1770071003,2025-12-20 19:10,2025-12-20 20:25,1766275800000,1766280300000,88260.0,88394.0,0.15,DOWN,WIN,2.0,3.34,89,16,1.2,True,True
zone_1846_1770071003,2025-11-28 10:15,2025-11-28 11:00,1764342900000,1764345600000,92225.5,92750.1,0.57,DOWN,WIN,2.0,3.95,88,10,0.8,True,True
zone_1323_1770071000,2025-12-01 06:30,2025-12-01 10:35,1764588600000,1764603300000,85874.1,86447.0,0.67,DOWN,WIN,2.0,3.70,88,50,4.1,True,True
zone_1595_1770071002,2025-11-30 13:30,2025-11-30 16:00,1764527400000,1764536400000,91281.9,91442.0,0.18,DOWN,WIN,2.0,35.74,88,31,2.5,True,True
zone_1857_1770071003,2026-01-20 16:45,2026-01-20 17:30,1768945500000,1768948200000,89374.3,89616.8,0.27,DOWN,WIN,2.0,6.40,87,10,0.8,True,True
zone_1828_1770071003,2026-01-12 02:35,2026-01-12 03:30,1768203300000,1768206600000,91300.0,91715.1,0.45,DOWN,WIN,2.0,2.97,87,12,0.9,True,False
zone_1508_1770071001,2026-01-25 14:55,2026-01-25 19:00,1769370900000,1769385600000,86170.2,86666.0,0.58,UP,WIN,2.0,3.41,87,50,4.1,True,True
zone_1800_1770071003,2026-01-12 10:15,2026-01-12 11:20,1768230900000,1768234800000,90844.2,91593.6,0.82,UP,WIN,2.0,0.94,87,14,1.1,False,False
zone_1303_1770071000,2025-11-23 14:20,2025-11-23 18:25,1763925600000,1763940300000,87220.7,87635.9,0.48,DOWN,WIN,2.0,3.19,87,50,4.1,True,True
zone_1278_1770071000,2025-11-14 16:10,2025-11-14 20:15,1763154600000,1763169300000,94600.1,95120.0,0.55,UP,WIN,2.0,3.19,87,50,4.1,True,True
zone_1611_1770071002,2025-11-24 08:30,2025-11-24 10:55,1763991000000,1763999700000,85850.0,86539.9,0.80,UP,WIN,2.0,3.82,87,30,2.4,True,True
zone_1326_1770071000,2025-12-02 17:05,2025-12-02 21:10,1764713100000,1764727800000,91469.3,91900.0,0.47,UP,WIN,2.0,4.72,87,50,4.1,True,True
zone_1657_1770071002,2026-01-03 13:25,2026-01-03 15:30,1767464700000,1767472200000,90054.4,90150.0,0.11,UP,WIN,2.0,15.03,87,26,2.1,True,True
zone_1804_1770071003,2026-01-20 11:25,2026-01-20 12:30,1768926300000,1768930200000,89957.7,90587.4,0.70,DOWN,WIN,2.0,3.47,86,14,1.1,True,True
zone_1631_1770071002,2026-01-05 23:45,2026-01-06 02:05,1767674700000,1767683100000,93618.7,93814.1,0.21,DOWN,WIN,2.0,2.89,86,29,2.3,True,False
zone_1876_1770071004,2026-01-06 12:00,2026-01-06 12:40,1767718800000,1767721200000,92337.0,92725.3,0.42,DOWN,WIN,2.0,2.88,86,9,0.7,True,False
zone_1256_1770071000,2025-11-06 05:10,2025-11-06 09:15,1762423800000,1762438500000,102621.7,103250.0,0.61,DOWN,WIN,2.0,3.80,86,50,4.1,True,True
zone_1854_1770071003,2026-01-03 18:15,2026-01-03 19:00,1767482100000,1767484800000,90500.0,90669.0,0.19,UP,WIN,2.0,6.55,86,10,0.8,True,True
zone_1412_1770071001,2025-12-28 07:40,2025-12-28 11:45,1766925600000,1766940300000,87766.0,87923.8,0.18,DOWN,WIN,2.0,2.54,86,50,4.1,True,False
zone_1333_1770071001,2025-12-05 04:20,2025-12-05 08:25,1764926400000,1764941100000,90864.3,91490.0,0.69,DOWN,WIN,2.0,4.57,86,50,4.1,True,True
zone_1776_1770071003,2025-11-19 18:05,2025-11-19 19:15,1763593500000,1763597700000,90804.4,91499.9,0.77,UP,WIN,2.0,2.37,86,15,1.2,True,False
zone_1635_1770071002,2025-12-17 03:45,2025-12-17 06:00,1765961100000,1765969200000,86269.1,86566.0,0.34,UP,WIN,2.0,12.71,85,28,2.2,True,True
zone_1574_1770071002,2026-01-06 17:05,2026-01-06 19:55,1767737100000,1767747300000,92905.1,93494.1,0.63,DOWN,WIN,2.0,1.49,85,35,2.8,False,False
zone_1747_1770071003,2025-11-25 02:25,2025-11-25 03:45,1764055500000,1764060300000,87288.4,87790.5,0.58,DOWN,WIN,2.0,2.47,85,17,1.3,True,False
zone_1549_1770071002,2025-11-24 15:20,2025-11-24 18:25,1764015600000,1764026700000,88558.8,89172.2,0.69,DOWN,WIN,2.0,1.89,85,38,3.1,False,False
zone_1540_1770071002,2025-11-24 23:10,2025-11-25 02:20,1764043800000,1764055200000,87887.0,88278.8,0.45,DOWN,WIN,2.0,4.69,85,39,3.2,True,True
zone_1342_1770071001,2025-12-08 04:05,2025-12-08 08:10,1765184700000,1765199400000,91861.1,92261.9,0.44,DOWN,WIN,2.0,5.72,85,50,4.1,True,True
zone_1440_1770071001,2026-01-05 14:35,2026-01-05 18:40,1767641700000,1767656400000,94083.4,94517.0,0.46,DOWN,WIN,2.0,2.37,85,50,4.1,True,False
zone_1375_1770071001,2025-12-17 15:30,2025-12-17 19:35,1766003400000,1766018100000,85750.0,86160.3,0.48,UP,WIN,2.0,2.34,85,50,4.1,True,False
zone_1856_1770071003,2026-01-14 22:35,2026-01-14 23:20,1768448100000,1768450800000,95714.3,96076.8,0.38,UP,WIN,2.0,3.03,85,10,0.8,True,True
zone_1718_1770071003,2025-12-08 00:40,2025-12-08 02:15,1765172400000,1765178100000,91204.0,91420.0,0.24,UP,WIN,2.0,3.90,84,20,1.6,True,True
zone_1669_1770071002,2025-11-17 00:15,2025-11-17 02:10,1763356500000,1763363400000,94868.5,95236.2,0.39,UP,WIN,2.0,2.20,84,24,1.9,True,False
zone_1378_1770071001,2025-12-18 17:30,2025-12-18 21:35,1766097000000,1766111700000,85277.0,85685.0,0.48,UP,WIN,2.0,6.56,84,50,4.1,True,True
zone_1336_1770071001,2025-12-06 02:40,2025-12-06 06:45,1765006800000,1765021500000,89481.3,89670.0,0.21,UP,WIN,2.0,2.99,84,50,4.1,True,False
zone_1626_1770071002,2025-12-04 04:00,2025-12-04 06:20,1764838800000,1764847200000,93186.0,93595.9,0.44,DOWN,WIN,2.0,5.82,84,29,2.3,True,True
zone_1367_1770071001,2025-12-15 01:40,2025-12-15 05:45,1765780800000,1765795500000,89471.8,89888.9,0.47,DOWN,WIN,2.0,10.53,84,50,4.1,True,True
zone_1607_1770071002,2026-01-27 00:45,2026-01-27 03:15,1769492700000,1769501700000,88358.8,88520.5,0.18,DOWN,WIN,2.0,5.30,84,31,2.5,True,True
zone_1725_1770071003,2026-02-01 19:20,2026-02-01 20:55,1769991600000,1769997300000,77532.9,78177.9,0.83,DOWN,WIN,2.0,4.60,84,20,1.6,True,True
zone_1724_1770071003,2026-01-28 18:45,2026-01-28 20:20,1769643900000,1769649600000,88979.6,89376.9,0.45,DOWN,WIN,2.0,3.35,84,20,1.6,True,True
zone_1844_1770071003,2025-11-15 14:25,2025-11-15 15:10,1763234700000,1763237400000,95871.5,96034.8,0.17,DOWN,WIN,2.0,6.80,84,10,0.8,True,True
zone_1662_1770071002,2025-12-27 21:40,2025-12-27 23:40,1766889600000,1766896800000,87739.0,87819.9,0.09,DOWN,WIN,2.0,2.18,84,25,2.0,True,False
zone_1683_1770071002,2026-01-30 21:45,2026-01-30 23:40,1769827500000,1769834400000,84067.8,84206.6,0.17,DOWN,WIN,2.0,11.08,84,24,1.9,True,True
zone_1362_1770071001,2025-12-13 23:45,2025-12-14 03:50,1765687500000,1765702200000,90002.8,90183.6,0.20,DOWN,WIN,2.0,8.70,84,50,4.1,True,True
zone_1681_1770071002,2026-01-20 06:05,2026-01-20 08:00,1768907100000,1768914000000,91212.0,91415.9,0.22,DOWN,WIN,2.0,9.73,84,24,1.9,True,True
zone_1458_1770071001,2026-01-10 15:35,2026-01-10 19:40,1768077300000,1768092000000,90434.5,90549.8,0.13,UP,WIN,2.0,2.50,84,50,4.1,True,False
zone_1530_1770071002,2025-12-05 18:45,2025-12-05 22:00,1764978300000,1764990000000,88986.4,89341.4,0.40,UP,WIN,2.0,1.15,84,40,3.2,False,False
zone_1523_1770071002,2026-01-30 16:40,2026-01-30 20:45,1769809200000,1769823900000,83888.8,84399.9,0.61,DOWN,WIN,2.0,2.66,84,50,4.1,True,False
zone_1592_1770071002,2026-01-13 14:30,2026-01-13 17:05,1768332600000,1768341900000,93757.9,94363.7,0.65,UP,WIN,2.0,3.78,84,32,2.6,True,True
zone_1535_1770071002,2026-01-28 06:50,2026-01-28 10:05,1769601000000,1769612700000,89733.0,90146.8,0.46,DOWN,WIN,2.0,2.22,84,40,3.2,True,False
zone_1721_1770071003,2025-12-25 08:35,2025-12-25 10:10,1766669700000,1766675400000,87426.2,87692.0,0.30,UP,WIN,2.0,3.29,83,20,1.6,True,True
zone_1431_1770071001,2026-01-03 08:20,2026-01-03 12:25,1767446400000,1767461100000,89903.3,90027.2,0.14,UP,WIN,2.0,12.58,83,50,4.1,True,True
zone_1606_1770071002,2026-01-24 07:35,2026-01-24 10:05,1769258100000,1769267100000,89434.8,89510.1,0.08,DOWN,WIN,2.0,4.27,83,31,2.5,True,True
zone_1686_1770071002,2025-12-02 13:20,2025-12-02 15:10,1764699600000,1764706200000,91706.4,92190.0,0.53,DOWN,WIN,2.0,2.13,83,23,1.8,True,False
zone_1658_1770071002,2026-01-07 23:00,2026-01-08 01:05,1767844800000,1767852300000,90649.0,91130.4,0.53,DOWN,WIN,2.0,2.58,83,26,2.1,True,False
zone_1277_1770071000,2025-11-13 00:55,2025-11-13 05:00,1763013300000,1763028000000,102850.9,103592.1,0.72,DOWN,WIN,2.0,5.62,82,50,4.1,True,True
zone_1494_1770071001,2026-01-20 12:35,2026-01-20 16:40,1768930500000,1768945200000,89374.4,89921.3,0.61,DOWN,WIN,2.0,2.93,82,50,4.1,True,False
zone_1587_1770071002,2025-11-24 01:30,2025-11-24 04:05,1763965800000,1763975100000,86636.1,87109.5,0.55,DOWN,WIN,2.0,3.01,82,32,2.6,True,True
zone_1797_1770071003,2026-01-06 15:05,2026-01-06 16:10,1767729900000,1767733800000,92276.4,92666.7,0.42,UP,WIN,2.0,3.01,82,14,1.1,True,True
zone_1743_1770071003,2026-01-23 19:40,2026-01-23 21:05,1769215200000,1769220300000,89375.0,89537.0,0.18,UP,WIN,2.0,2.14,82,18,1.4,True,False
zone_1835_1770071003,2025-12-07 19:25,2025-12-07 20:15,1765153500000,1765156500000,90150.3,90568.5,0.46,UP,WIN,2.0,4.05,82,11,0.8,True,True
zone_1645_1770071002,2025-12-17 06:10,2025-12-17 08:20,1765969800000,1765977600000,86669.2,86896.7,0.26,UP,WIN,2.0,15.14,82,27,2.2,True,True
zone_1272_1770071000,2025-11-11 15:20,2025-11-11 19:25,1762892400000,1762907100000,102621.0,103200.0,0.56,UP,WIN,2.0,3.21,82,50,4.1,True,True
zone_1446_1770071001,2026-01-07 05:50,2026-01-07 09:55,1767783000000,1767797700000,91868.8,92195.0,0.36,DOWN,WIN,2.0,3.82,82,50,4.1,True,True
zone_1656_1770071002,2025-12-30 07:40,2025-12-30 09:45,1767098400000,1767105900000,87870.1,88011.9,0.16,UP,WIN,2.0,9.60,82,26,2.1,True,True
zone_1307_1770071000,2025-11-26 05:35,2025-11-26 09:40,1764153300000,1764168000000,86615.0,86960.0,0.40,UP,WIN,2.0,10.70,82,50,4.1,True,True
zone_1756_1770071003,2026-01-23 12:50,2026-01-23 14:10,1769190600000,1769195400000,90400.1,90966.7,0.63,DOWN,WIN,2.0,2.19,82,17,1.3,True,False
zone_1488_1770071001,2026-01-18 23:30,2026-01-19 03:35,1768797000000,1768811700000,92505.4,92714.4,0.23,UP,WIN,2.0,3.17,82,50,4.1,True,True
zone_1563_1770071002,2025-11-17 18:00,2025-11-17 20:55,1763420400000,1763430900000,91735.9,92256.1,0.57,DOWN,WIN,2.0,4.79,81,36,2.9,True,True
zone_1296_1770071000,2025-11-20 22:20,2025-11-21 02:25,1763695200000,1763709900000,85400.0,86098.7,0.82,DOWN,WIN,2.0,6.86,81,50,4.1,True,True
zone_1808_1770071003,2025-11-10 08:30,2025-11-10 09:30,1762781400000,1762785000000,106176.3,106585.7,0.39,DOWN,WIN,2.0,3.85,81,13,1.0,True,True
zone_1413_1770071001,2025-12-28 22:35,2025-12-29 02:40,1766979300000,1766994000000,89564.0,90150.0,0.65,DOWN,WIN,2.0,4.80,81,50,4.1,True,True
zone_1573_1770071002,2025-12-09 12:25,2025-12-09 15:15,1765301100000,1765311300000,93485.8,94000.0,0.55,DOWN,WIN,2.0,3.05,81,35,2.8,True,True
zone_1452_1770071001,2026-01-09 03:40,2026-01-09 07:45,1767948000000,1767962700000,89650.1,90434.7,0.88,UP,WIN,2.0,2.00,81,50,4.1,False,False
zone_1292_1770071000,2025-11-18 16:00,2025-11-18 20:05,1763499600000,1763514300000,92547.6,92991.7,0.48,DOWN,WIN,2.0,5.80,81,50,4.1,True,True
zone_1858_1770071003,2026-01-21 12:55,2026-01-21 13:40,1769018100000,1769020800000,87536.8,88050.0,0.59,UP,WIN,2.0,4.66,81,10,0.8,True,True
zone_1291_1770071000,2025-11-18 11:25,2025-11-18 15:30,1763483100000,1763497800000,93138.1,93800.0,0.71,DOWN,WIN,2.0,2.80,81,50,4.1,True,False
zone_1541_1770071002,2025-11-27 16:25,2025-11-27 19:35,1764278700000,1764290100000,91323.3,91551.2,0.25,DOWN,WIN,2.0,3.16,81,39,3.2,True,True
zone_1738_1770071003,2025-11-19 16:35,2025-11-19 18:00,1763588100000,1763593200000,90164.0,90727.3,0.62,UP,WIN,2.0,4.30,81,18,1.4,True,True
zone_1570_1770071002,2026-01-15 06:40,2026-01-15 09:35,1768477200000,1768487700000,96460.0,96686.3,0.23,DOWN,WIN,2.0,6.13,81,36,2.9,True,True
zone_1304_1770071000,2025-11-23 21:20,2025-11-24 01:25,1763950800000,1763965500000,87189.1,88026.3,0.96,DOWN,WIN,2.0,2.11,81,50,4.1,True,False
zone_1270_1770071000,2025-11-11 00:15,2025-11-11 04:20,1762838100000,1762852800000,105100.0,105497.7,0.38,DOWN,WIN,2.0,5.77,81,50,4.1,True,True
zone_1665_1770071002,2026-01-31 01:00,2026-01-31 03:00,1769839200000,1769846400000,83595.0,84006.1,0.49,DOWN,WIN,2.0,8.03,81,25,2.0,True,True
zone_1770_1770071003,2026-01-12 23:00,2026-01-13 00:15,1768276800000,1768281300000,91325.0,91689.8,0.40,UP,WIN,2.0,2.66,81,16,1.2,True,False
zone_1363_1770071001,2025-12-14 08:00,2025-12-14 12:05,1765717200000,1765731900000,89034.4,89376.3,0.38,DOWN,WIN,2.0,4.42,81,50,4.1,True,True
zone_1842_1770071003,2026-01-27 13:00,2026-01-27 13:50,1769536800000,1769539800000,87400.0,87914.3,0.59,UP,WIN,2.0,3.08,80,11,0.8,True,True
zone_1789_1770071003,2025-11-09 04:50,2025-11-09 05:55,1762681800000,1762685700000,101450.0,101765.0,0.31,UP,WIN,2.0,9.15,80,14,1.1,True,True
zone_1337_1770071001,2025-12-06 09:15,2025-12-06 13:20,1765030500000,1765045200000,89678.8,90234.6,0.62,DOWN,WIN,2.0,1.47,80,50,4.1,False,False
zone_1868_1770071003,2025-12-01 14:20,2025-12-01 15:00,1764616800000,1764619200000,84545.4,85060.0,0.61,UP,WIN,2.0,4.40,80,9,0.7,True,True
zone_1764_1770071003,2025-12-18 03:20,2025-12-18 04:35,1766046000000,1766050500000,86766.0,87119.3,0.41,UP,WIN,2.0,6.69,80,16,1.2,True,True
zone_1830_1770071003,2026-02-01 04:40,2026-02-01 05:35,1769938800000,1769942100000,78701.7,79187.0,0.62,DOWN,WIN,2.0,4.07,80,12,0.9,True,True
zone_1811_1770071003,2025-11-25 14:25,2025-11-25 15:25,1764098700000,1764102300000,86112.2,86911.9,0.93,UP,WIN,2.0,1.61,80,13,1.0,False,False
zone_1818_1770071003,2026-01-25 19:05,2026-01-25 20:05,1769385900000,1769389500000,86546.8,87150.0,0.70,UP,WIN,2.0,2.00,80,13,1.0,False,False
zone_1370_1770071001,2025-12-15 20:55,2025-12-16 01:00,1765850100000,1765864800000,85790.1,86185.7,0.46,UP,WIN,2.0,4.03,80,50,4.1,True,True
zone_1543_1770071002,2025-12-22 10:45,2025-12-22 13:55,1766418300000,1766429700000,89222.0,90036.6,0.91,DOWN,WIN,2.0,1.81,80,39,3.2,False,False
zone_1769_1770071003,2026-01-04 17:45,2026-01-04 19:00,1767566700000,1767571200000,91119.8,91485.0,0.40,UP,WIN,2.0,5.23,80,16,1.2,True,True
zone_1462_1770071001,2026-01-11 14:25,2026-01-11 18:30,1768159500000,1768174200000,90547.5,90867.0,0.35,UP,WIN,2.0,5.11,80,50,4.1,True,True
zone_1862_1770071003,2025-11-17 07:25,2025-11-17 08:05,1763382300000,1763384700000,95140.0,95530.0,0.41,DOWN,WIN,2.0,10.03,80,9,0.7,True,True
zone_1554_1770071002,2025-11-23 01:35,2025-11-23 04:35,1763879700000,1763890500000,85561.6,86083.4,0.61,UP,WIN,2.0,2.62,80,37,3.0,True,False
zone_1566_1770071002,2025-12-01 03:30,2025-12-01 06:25,1764577800000,1764588300000,86451.2,86888.0,0.51,DOWN,WIN,2.0,6.17,80,36,2.9,True,True
zone_1816_1770071003,2026-01-01 21:05,2026-01-01 22:05,1767319500000,1767323100000,88325.9,88572.9,0.28,UP,WIN,2.0,5.56,80,13,1.0,True,True
zone_1519_1770071002,2026-01-28 14:35,2026-01-28 18:40,1769628900000,1769643600000,88951.1,89590.8,0.72,DOWN,WIN,2.0,2.03,80,50,4.1,True,False
zone_1546_1770071002,2026-01-08 01:10,2026-01-08 04:20,1767852600000,1767864000000,90150.0,90555.3,0.45,DOWN,WIN,2.0,2.19,80,39,3.2,True,False
zone_1855_1770071003,2026-01-05 08:55,2026-01-05 09:40,1767621300000,1767624000000,92541.3,92847.0,0.33,UP,WIN,2.0,6.22,80,10,0.8,True,True
zone_1872_1770071004,2025-12-16 04:55,2025-12-16 05:35,1765878900000,1765881300000,86222.8,86469.4,0.29,UP,WIN,2.0,6.81,80,9,0.7,True,True
zone_1674_1770071002,2025-12-09 00:20,2025-12-09 02:15,1765257600000,1765264500000,89720.1,90166.7,0.50,UP,WIN,2.0,3.21,80,24,1.9,True,True
zone_1492_1770071001,2026-01-19 17:25,2026-01-19 21:30,1768861500000,1768876200000,92400.0,93024.0,0.68,DOWN,WIN,2.0,2.87,80,50,4.1,True,False
zone_1555_1770071002,2025-11-27 20:05,2025-11-27 23:05,1764291900000,1764302700000,90753.7,91149.8,0.44,UP,WIN,2.0,2.09,80,37,3.0,True,False
zone_1641_1770071002,2025-11-18 20:20,2025-11-18 22:30,1763515200000,1763523000000,92099.9,92621.4,0.57,DOWN,WIN,2.0,4.08,80,27,2.2,True,True
zone_1354_1770071001,2025-12-12 01:55,2025-12-12 06:00,1765522500000,1765537200000,92327.5,92539.3,0.23,DOWN,WIN,2.0,13.74,80,50,4.1,True,True
zone_1806_1770071003,2026-01-27 23:50,2026-01-28 00:55,1769575800000,1769579700000,88800.0,89034.4,0.26,UP,WIN,2.0,6.06,80,14,1.1,True,True
zone_1602_1770071002,2026-01-09 00:25,2026-01-09 02:55,1767936300000,1767945300000,90872.4,91082.1,0.23,DOWN,WIN,2.0,5.83,80,31,2.5,True,True
zone_1614_1770071002,2025-12-22 19:10,2025-12-22 21:35,1766448600000,1766457300000,88456.7,88896.0,0.50,DOWN,WIN,2.0,3.34,80,30,2.4,True,True
zone_1476_1770071001,2026-01-16 01:25,2026-01-16 05:30,1768544700000,1768559400000,95600.0,95727.7,0.13,DOWN,WIN,2.0,10.64,80,50,4.1,True,True
zone_1775_1770071003,2025-11-16 04:55,2025-11-16 06:05,1763286900000,1763291100000,96323.3,96594.9,0.28,DOWN,WIN,2.0,9.84,79,15,1.2,True,True
zone_1332_1770071001,2025-12-04 23:25,2025-12-05 03:30,1764908700000,1764923400000,91763.1,92234.9,0.51,DOWN,WIN,2.0,7.97,79,50,4.1,True,True
zone_1714_1770071003,2025-11-13 21:00,2025-11-13 22:35,1763085600000,1763091300000,99190.0,99901.5,0.72,DOWN,WIN,2.0,4.97,79,20,1.6,True,True
zone_1512_1770071001,2026-01-26 20:35,2026-01-27 00:40,1769477700000,1769492400000,88464.5,88750.0,0.32,DOWN,WIN,2.0,2.72,79,50,4.1,True,False
zone_1744_1770071003,2026-01-25 11:55,2026-01-25 13:20,1769360100000,1769365200000,87698.3,88079.9,0.44,DOWN,WIN,2.0,4.37,79,18,1.4,True,True
zone_1435_1770071001,2026-01-04 13:10,2026-01-04 17:15,1767550200000,1767564900000,90930.0,91247.4,0.35,UP,WIN,2.0,6.77,79,50,4.1,True,True
zone_1701_1770071003,2025-11-06 15:55,2025-11-06 17:35,1762462500000,1762468500000,100455.0,101038.1,0.58,UP,WIN,2.0,2.50,79,21,1.7,True,False
zone_1750_1770071003,2025-12-25 01:55,2025-12-25 03:15,1766645700000,1766650500000,87737.1,87810.3,0.08,DOWN,WIN,2.0,7.29,79,17,1.3,True,True
zone_1668_1770071002,2025-11-05 22:30,2025-11-06 00:25,1762399800000,1762406700000,103521.4,103747.8,0.22,DOWN,WIN,2.0,5.17,79,24,1.9,True,True
zone_1316_1770071000,2025-11-29 03:10,2025-11-29 07:15,1764403800000,1764418500000,90510.0,90691.0,0.20,UP,WIN,2.0,2.42,79,50,4.1,True,False
zone_1790_1770071003,2025-11-14 11:25,2025-11-14 12:30,1763137500000,1763141400000,96670.0,97383.4,0.74,DOWN,WIN,2.0,3.87,79,14,1.1,True,True
zone_1711_1770071003,2025-11-08 15:30,2025-11-08 17:05,1762633800000,1762639500000,101974.6,102128.8,0.15,UP,WIN,2.0,2.02,79,20,1.6,True,False
zone_1751_1770071003,2025-12-26 07:10,2025-12-26 08:30,1766751000000,1766755800000,88570.1,88725.9,0.18,UP,WIN,2.0,2.20,79,17,1.3,True,False
zone_1840_1770071003,2026-01-02 04:00,2026-01-02 04:50,1767344400000,1767347400000,89080.1,89300.0,0.25,UP,WIN,2.0,7.54,79,11,0.8,True,True
zone_1654_1770071002,2025-12-21 23:55,2025-12-22 02:00,1766379300000,1766386800000,88720.7,88965.3,0.28,UP,WIN,2.0,6.64,79,26,2.1,True,True
zone_1792_1770071003,2025-12-07 10:10,2025-12-07 11:15,1765120200000,1765124100000,88618.0,89071.5,0.51,UP,WIN,2.0,5.85,79,14,1.1,True,True
zone_1279_1770071000,2025-11-14 22:15,2025-11-15 02:20,1763176500000,1763191200000,96089.3,96777.0,0.72,DOWN,WIN,2.0,0.82,79,50,4.1,False,False
zone_1851_1770071003,2025-12-15 05:50,2025-12-15 06:35,1765795800000,1765798500000,89729.2,89867.4,0.15,DOWN,WIN,2.0,33.64,79,10,0.8,True,True
zone_1597_1770071002,2025-12-07 06:30,2025-12-07 09:00,1765107000000,1765116000000,89073.0,89216.3,0.16,DOWN,WIN,2.0,9.72,79,31,2.5,True,True
zone_1687_1770071002,2025-12-18 01:25,2025-12-18 03:15,1766039100000,1766045700000,86370.0,86730.0,0.42,UP,WIN,2.0,7.65,79,23,1.8,True,True
zone_1627_1770071002,2025-12-06 06:50,2025-12-06 09:10,1765021800000,1765030200000,89500.2,89639.7,0.16,UP,WIN,2.0,4.26,79,29,2.3,True,True
zone_1427_1770071001,2026-01-01 12:30,2026-01-01 16:35,1767288600000,1767303300000,88156.4,88499.0,0.39,UP,WIN,2.0,1.75,79,50,4.1,False,False
zone_1697_1770071003,2025-12-31 17:55,2025-12-31 19:40,1767221700000,1767228000000,87573.4,87695.5,0.14,UP,WIN,2.0,2.94,79,22,1.8,True,False
zone_1425_1770071001,2025-12-31 23:20,2026-01-01 03:25,1767241200000,1767255900000,87517.7,87670.8,0.17,UP,WIN,2.0,2.79,79,50,4.1,True,False
zone_1768_1770071003,2026-01-03 06:25,2026-01-03 07:40,1767439500000,1767444000000,89638.3,89744.0,0.12,UP,WIN,2.0,5.69,79,16,1.2,True,True
zone_1877_1770071004,2026-01-16 20:20,2026-01-16 21:00,1768612800000,1768615200000,95340.1,95457.4,0.12,DOWN,WIN,2.0,3.17,79,9,0.7,True,True
zone_1655_1770071002,2025-12-28 00:55,2025-12-28 03:00,1766901300000,1766908800000,87583.9,87705.1,0.14,UP,WIN,2.0,2.96,79,26,2.1,True,False
zone_1692_1770071003,2025-11-08 17:25,2025-11-08 19:10,1762640700000,1762647000000,102160.8,102371.9,0.21,DOWN,WIN,2.0,4.37,79,22,1.8,True,True
zone_1733_1770071003,2026-01-02 19:00,2026-01-02 20:30,1767398400000,1767403800000,89908.1,90086.3,0.20,UP,WIN,2.0,2.03,79,19,1.5,True,False
zone_1359_1770071001,2025-12-13 03:50,2025-12-13 07:55,1765615800000,1765630500000,90351.7,90513.2,0.18,DOWN,WIN,2.0,2.90,79,50,4.1,True,False
zone_1682_1770071002,2026-01-24 20:30,2026-01-24 22:25,1769304600000,1769311500000,89028.4,89224.0,0.22,DOWN,WIN,2.0,4.75,79,24,1.9,True,True
zone_1346_1770071001,2025-12-09 06:45,2025-12-09 10:50,1765280700000,1765295400000,90220.0,90688.5,0.52,UP,WIN,2.0,8.24,79,50,4.1,True,True
zone_1524_1770071002,2026-01-31 03:25,2026-01-31 07:30,1769847900000,1769862600000,82530.0,83248.1,0.87,DOWN,WIN,2.0,9.53,79,50,4.1,True,True
zone_1319_1770071000,2025-11-29 22:30,2025-11-30 02:35,1764473400000,1764488100000,90631.9,90940.0,0.34,UP,WIN,2.0,3.32,78,50,4.1,True,True
zone_1361_1770071001,2025-12-13 19:25,2025-12-13 23:30,1765671900000,1765686600000,90152.7,90440.7,0.32,DOWN,WIN,2.0,5.26,78,50,4.1,True,True
zone_1328_1770071001,2025-12-03 06:25,2025-12-03 10:30,1764761100000,1764775800000,92791.3,93080.5,0.31,DOWN,WIN,2.0,3.69,78,50,4.1,True,True
zone_1809_1770071003,2025-11-13 16:00,2025-11-13 17:00,1763067600000,1763071200000,97971.1,98676.3,0.72,UP,WIN,2.0,2.52,78,13,1.0,True,False
zone_1729_1770071003,2025-12-08 08:25,2025-12-08 09:55,1765200300000,1765205700000,91227.5,91704.7,0.52,DOWN,WIN,2.0,3.48,78,19,1.5,True,True
zone_1547_1770071002,2026-01-13 11:15,2026-01-13 14:25,1768320900000,1768332300000,93034.6,93650.0,0.66,UP,WIN,2.0,4.88,78,39,3.2,True,True
zone_1417_1770071001,2025-12-29 19:00,2025-12-29 23:05,1767052800000,1767067500000,87066.0,87325.9,0.30,UP,WIN,2.0,3.36,78,50,4.1,True,True
zone_1754_1770071003,2026-01-02 12:05,2026-01-02 13:25,1767373500000,1767378300000,90300.0,90958.5,0.73,DOWN,LOSS,-1.0,1.21,77,17,1.3,False,False
zone_1399_1770071001,2025-12-25 03:20,2025-12-25 07:25,1766650800000,1766665500000,87291.4,87634.8,0.39,UP,WIN,2.0,2.71,77,50,4.1,True,False
zone_1740_1770071003,2025-12-06 22:35,2025-12-07 00:00,1765078500000,1765083600000,89525.9,89750.0,0.25,DOWN,WIN,2.0,4.18,77,18,1.4,True,True
zone_1710_1770071003,2026-01-31 09:55,2026-01-31 11:35,1769871300000,1769877300000,81045.4,81745.9,0.86,DOWN,WIN,2.0,7.65,77,21,1.7,True,True
zone_1301_1770071000,2025-11-23 04:40,2025-11-23 08:45,1763890800000,1763905500000,86156.0,86440.5,0.33,UP,WIN,2.0,5.77,77,50,4.1,True,True
zone_1708_1770071003,2026-01-12 21:15,2026-01-12 22:55,1768270500000,1768276500000,91056.9,91278.3,0.24,UP,WIN,2.0,6.24,77,21,1.7,True,True
zone_1280_1770071000,2025-11-15 04:50,2025-11-15 08:55,1763200200000,1763214900000,95650.0,95899.9,0.26,UP,WIN,2.0,2.16,76,50,4.1,True,False
zone_1779_1770071003,2025-11-27 06:25,2025-11-27 07:35,1764242700000,1764246900000,91259.5,91455.6,0.21,DOWN,WIN,2.0,4.33,76,15,1.2,True,True
zone_1660_1770071002,2025-12-09 04:40,2025-12-09 06:40,1765273200000,1765280400000,90004.1,90193.6,0.21,UP,WIN,2.0,22.99,76,25,2.0,True,True
zone_1568_1770071002,2025-12-16 19:30,2025-12-16 22:25,1765931400000,1765941900000,87370.5,87647.0,0.32,DOWN,WIN,2.0,4.36,76,36,2.9,True,True
zone_1699_1770071003,2026-01-11 18:50,2026-01-11 20:35,1768175400000,1768181700000,90746.4,91173.9,0.47,UP,WIN,2.0,3.10,76,22,1.8,True,True
zone_1551_1770071002,2025-12-22 21:50,2025-12-23 00:55,1766458200000,1766469300000,87745.9,88276.0,0.60,DOWN,WIN,2.0,1.43,76,38,3.1,False,False
zone_1690_1770071003,2025-12-28 18:45,2025-12-28 20:35,1766965500000,1766972100000,87752.8,88016.2,0.30,UP,WIN,2.0,9.13,76,23,1.8,True,True
zone_1404_1770071001,2025-12-26 10:05,2025-12-26 14:10,1766761500000,1766776200000,86618.6,87228.1,0.70,UP,WIN,2.0,0.85,75,50,4.1,False,False
zone_1659_1770071002,2026-01-09 11:10,2026-01-09 13:15,1767975000000,1767982500000,91204.2,91747.8,0.60,DOWN,WIN,2.0,2.07,75,26,2.1,True,False
zone_1663_1770071002,2026-01-20 17:35,2026-01-20 19:35,1768948500000,1768955700000,88059.0,88636.9,0.66,UP,WIN,2.0,2.53,75,25,2.0,True,False
zone_1569_1770071002,2025-12-19 14:20,2025-12-19 17:15,1766172000000,1766182500000,87480.6,88075.4,0.68,UP,WIN,2.0,0.78,75,36,2.9,False,False
zone_1430_1770071001,2026-01-03 02:15,2026-01-03 06:20,1767424500000,1767439200000,89255.1,89729.3,0.53,UP,WIN,2.0,1.16,75,50,4.1,False,False
zone_1705_1770071003,2025-11-22 01:35,2025-11-22 03:15,1763793300000,1763799300000,84369.5,84767.1,0.47,DOWN,WIN,2.0,2.29,75,21,1.7,True,False
zone_1875_1770071004,2026-01-04 19:05,2026-01-04 19:45,1767571500000,1767573900000,91640.0,92026.8,0.42,UP,WIN,2.0,3.54,75,9,0.7,True,True
zone_1649_1770071002,2026-02-02 02:05,2026-02-02 04:15,1770015900000,1770023700000,76290.1,76814.0,0.69,UP,WIN,2.0,4.91,75,27,2.2,True,True
zone_1782_1770071003,2025-12-03 22:55,2025-12-04 00:05,1764820500000,1764824700000,93292.9,93550.0,0.28,DOWN,WIN,2.0,3.52,75,15,1.2,True,True
zone_1263_1770071000,2025-11-08 23:45,2025-11-09 03:50,1762663500000,1762678200000,101628.0,101852.9,0.22,UP,LOSS,-1.0,10.25,74,50,4.1,True,True
zone_1836_1770071003,2025-12-16 22:35,2025-12-16 23:25,1765942500000,1765945500000,87100.0,87348.3,0.29,DOWN,WIN,2.0,3.76,74,11,0.8,True,True
zone_1723_1770071003,2026-01-19 23:55,2026-01-20 01:30,1768884900000,1768890600000,91235.8,92101.1,0.95,DOWN,WIN,2.0,1.20,74,20,1.6,False,False
zone_1495_1770071001,2026-01-21 02:10,2026-01-21 06:15,1768979400000,1768994100000,89120.7,89640.5,0.58,DOWN,LOSS,-1.0,3.67,74,50,4.1,True,True
zone_1712_1770071003,2025-11-09 08:25,2025-11-09 10:00,1762694700000,1762700400000,102370.0,102974.6,0.59,UP,WIN,2.0,4.08,74,20,1.6,True,True
zone_1599_1770071002,2025-12-16 02:20,2025-12-16 04:50,1765869600000,1765878600000,85794.0,86212.3,0.49,UP,WIN,2.0,4.63,74,31,2.5,True,True
zone_1618_1770071002,2026-01-24 17:45,2026-01-24 20:10,1769294700000,1769303400000,89254.1,89440.0,0.21,DOWN,WIN,2.0,6.21,74,30,2.4,True,True
zone_1536_1770071002,2025-11-11 04:25,2025-11-11 07:35,1762853100000,1762864500000,104850.1,105430.0,0.55,DOWN,WIN,2.0,3.84,74,39,3.2,True,True
zone_1539_1770071002,2025-11-20 06:25,2025-11-20 09:35,1763637900000,1763649300000,91433.2,91970.0,0.59,DOWN,WIN,2.0,10.03,74,39,3.2,True,True
zone_1625_1770071002,2025-12-02 03:55,2025-12-02 06:15,1764665700000,1764674100000,86326.0,86973.3,0.75,UP,WIN,2.0,8.13,74,29,2.3,True,True
zone_1443_1770071001,2026-01-06 07:40,2026-01-06 11:45,1767703200000,1767717900000,93693.2,93878.0,0.20,DOWN,WIN,2.0,13.40,73,50,4.1,True,True
zone_1559_1770071002,2026-01-25 07:35,2026-01-25 10:35,1769344500000,1769355300000,88661.1,88832.3,0.19,DOWN,WIN,2.0,15.36,73,37,3.0,True,True
zone_1680_1770071002,2026-01-19 21:35,2026-01-19 23:30,1768876500000,1768883400000,92345.0,92659.8,0.34,DOWN,WIN,2.0,5.51,73,24,1.9,True,True
zone_1408_1770071001,2025-12-27 06:55,2025-12-27 11:00,1766836500000,1766851200000,87372.8,87467.4,0.11,UP,WIN,2.0,5.19,73,50,4.1,True,True
zone_1807_1770071003,2026-01-28 20:25,2026-01-28 21:30,1769649900000,1769653800000,88423.0,88929.4,0.57,DOWN,WIN,2.0,1.53,73,14,1.1,False,False
zone_1702_1770071003,2025-11-07 04:05,2025-11-07 05:45,1762506300000,1762512300000,100800.0,101448.0,0.64,DOWN,WIN,2.0,2.47,73,21,1.7,True,False
zone_1726_1770071003,2025-11-04 18:00,2025-11-04 19:30,1762297200000,1762302600000,100842.1,101541.1,0.69,DOWN,WIN,2.0,2.79,73,19,1.5,True,False
zone_1358_1770071001,2025-12-12 23:40,2025-12-13 03:45,1765600800000,1765615500000,90305.2,90372.9,0.07,UP,WIN,2.0,3.20,73,50,4.1,True,True
zone_1861_1770071003,2025-11-12 03:20,2025-11-12 04:00,1762935600000,1762938000000,103449.2,104199.8,0.73,UP,LOSS,-1.0,1.49,73,9,0.7,False,False
zone_1841_1770071003,2026-01-23 21:10,2026-01-23 22:00,1769220600000,1769223600000,89546.7,89645.9,0.11,UP,WIN,2.0,2.39,73,11,0.8,True,False
zone_1552_1770071002,2026-01-23 00:10,2026-01-23 03:15,1769145000000,1769156100000,89488.9,89857.0,0.41,DOWN,WIN,2.0,2.69,73,38,3.1,True,False
zone_1813_1770071003,2025-12-17 20:10,2025-12-17 21:10,1766020200000,1766023800000,85810.2,86150.0,0.40,UP,WIN,2.0,3.75,73,13,1.0,True,True
zone_1585_1770071002,2025-12-28 14:55,2025-12-28 17:35,1766951700000,1766961300000,87385.2,87578.0,0.22,UP,WIN,2.0,14.75,73,33,2.7,True,True
zone_1839_1770071003,2026-01-02 00:35,2026-01-02 01:25,1767332100000,1767335100000,88587.4,88826.8,0.27,UP,WIN,2.0,4.68,72,11,0.8,True,True
zone_1565_1770071002,2025-11-25 06:10,2025-11-25 09:05,1764069000000,1764079500000,87254.4,87485.0,0.26,DOWN,WIN,2.0,5.22,72,36,2.9,True,True
zone_1648_1770071002,2026-01-11 12:10,2026-01-11 14:20,1768151400000,1768159200000,90867.7,91120.1,0.28,DOWN,WIN,2.0,2.74,72,27,2.2,True,False
zone_1628_1770071002,2025-12-10 12:20,2025-12-10 14:40,1765387200000,1765395600000,92161.0,92478.9,0.34,UP,WIN,2.0,6.22,72,29,2.3,True,True
zone_1734_1770071003,2026-01-08 08:35,2026-01-08 10:05,1767879300000,1767884700000,89662.2,90024.4,0.40,UP,WIN,2.0,4.00,72,19,1.5,True,True
zone_1531_1770071002,2025-12-23 06:20,2025-12-23 09:35,1766488800000,1766500500000,87646.5,87847.2,0.23,DOWN,WIN,2.0,5.50,72,40,3.2,True,True
zone_1586_1770071002,2026-01-26 11:05,2026-01-26 13:45,1769443500000,1769453100000,87141.3,87922.0,0.90,UP,WIN,2.0,1.24,72,33,2.7,False,False
zone_1529_1770071002,2025-12-04 20:05,2025-12-04 23:20,1764896700000,1764908400000,92264.2,92556.4,0.32,DOWN,WIN,2.0,4.79,72,40,3.2,True,True
zone_1314_1770071000,2025-11-28 18:05,2025-11-28 22:10,1764371100000,1764385800000,90869.0,91134.4,0.29,DOWN,WIN,2.0,2.28,72,50,4.1,True,False
zone_1273_1770071000,2025-11-11 20:10,2025-11-12 00:15,1762909800000,1762924500000,102954.7,103330.5,0.37,UP,WIN,2.0,5.29,72,50,4.1,True,True
zone_1794_1770071003,2025-12-25 19:15,2025-12-25 20:20,1766708100000,1766712000000,86815.9,87228.6,0.48,UP,WIN,2.0,5.60,72,14,1.1,True,True
zone_1803_1770071003,2026-01-19 12:05,2026-01-19 13:10,1768842300000,1768846200000,93099.9,93354.0,0.27,DOWN,WIN,2.0,3.89,72,14,1.1,True,True
zone_1694_1770071003,2025-12-10 17:20,2025-12-10 19:05,1765405200000,1765411500000,92008.0,92634.7,0.68,DOWN,WIN,2.0,4.26,71,22,1.8,True,True
zone_1676_1770071002,2025-12-21 15:35,2025-12-21 17:30,1766349300000,1766356200000,88137.9,88293.3,0.18,UP,WIN,2.0,8.45,71,24,1.9,True,True
zone_1670_1770071002,2025-11-19 13:55,2025-11-19 15:50,1763578500000,1763585400000,88802.2,89339.7,0.61,UP,WIN,2.0,7.09,71,24,1.9,True,True
zone_1259_1770071000,2025-11-07 06:10,2025-11-07 10:15,1762513800000,1762528500000,99754.2,100402.9,0.65,UP,WIN,2.0,5.62,71,50,4.1,True,True
zone_1878_1770071004,2026-01-29 22:15,2026-01-29 22:55,1769742900000,1769745300000,82173.1,82594.9,0.51,UP,LOSS,-1.0,1.67,71,9,0.7,False,False
zone_1852_1770071003,2025-12-23 10:15,2025-12-23 11:00,1766502900000,1766505600000,86918.1,87520.8,0.69,UP,LOSS,-1.0,1.37,71,10,0.8,False,False
zone_1371_1770071001,2025-12-16 05:40,2025-12-16 09:45,1765881600000,1765896300000,86700.8,87300.0,0.69,UP,LOSS,-1.0,1.42,71,50,4.1,False,False
zone_1869_1770071003,2025-12-05 03:35,2025-12-05 04:15,1764923700000,1764926100000,91800.0,92114.8,0.34,DOWN,WIN,2.0,12.06,70,9,0.7,True,True
zone_1748_1770071003,2025-12-14 04:10,2025-12-14 05:30,1765703400000,1765708200000,89955.8,90097.7,0.16,DOWN,WIN,2.0,10.76,70,17,1.3,True,True
zone_1673_1770071002,2025-11-27 04:25,2025-11-27 06:20,1764235500000,1764242400000,91487.3,91902.7,0.45,DOWN,WIN,2.0,2.59,70,24,1.9,True,False
zone_1760_1770071003,2025-11-30 21:50,2025-11-30 23:05,1764557400000,1764561900000,86272.0,86795.5,0.61,DOWN,LOSS,-1.0,1.36,70,16,1.2,False,False
zone_1819_1770071003,2026-01-26 19:30,2026-01-26 20:30,1769473800000,1769477400000,88150.0,88367.4,0.25,UP,WIN,2.0,2.81,70,13,1.0,True,False
zone_1297_1770071000,2025-11-21 16:10,2025-11-21 20:15,1763759400000,1763774100000,84385.2,85350.0,1.14,DOWN,LOSS,-1.0,0.93,70,50,4.1,False,False
zone_1633_1770071002,2025-11-30 16:10,2025-11-30 18:25,1764537000000,1764545100000,90834.2,91213.0,0.42,DOWN,WIN,2.0,13.92,70,28,2.2,True,True
zone_1544_1770071002,2026-01-02 21:00,2026-01-03 00:10,1767405600000,1767417000000,90087.0,90281.5,0.22,DOWN,WIN,2.0,4.28,70,39,3.2,True,True
zone_1264_1770071000,2025-11-09 10:10,2025-11-09 14:15,1762701000000,1762715700000,103300.0,103872.7,0.55,UP,WIN,2.0,4.82,70,50,4.1,True,True
zone_1759_1770071003,2025-11-26 01:55,2025-11-26 03:10,1764140100000,1764144600000,87650.2,87849.9,0.23,DOWN,WIN,2.0,7.00,69,16,1.2,True,True
zone_1276_1770071000,2025-11-12 16:15,2025-11-12 20:20,1762982100000,1762996800000,101633.4,101866.8,0.23,UP,WIN,2.0,9.28,69,50,4.1,True,True
zone_1832_1770071003,2025-11-10 23:10,2025-11-11 00:00,1762834200000,1762837200000,105688.7,106390.2,0.66,DOWN,WIN,2.0,2.02,69,11,0.8,True,False
zone_1398_1770071001,2025-12-24 21:45,2025-12-25 01:50,1766630700000,1766645400000,87740.0,87943.6,0.23,DOWN,WIN,2.0,2.64,69,50,4.1,True,False
zone_1706_1770071003,2025-11-22 18:20,2025-11-22 20:00,1763853600000,1763859600000,84617.4,85003.4,0.46,UP,WIN,2.0,4.78,69,21,1.7,True,True
zone_1360_1770071001,2025-12-13 10:10,2025-12-13 14:15,1765638600000,1765653300000,89993.0,90149.2,0.17,UP,LOSS,-1.0,1.87,69,50,4.1,False,False
zone_1343_1770071001,2025-12-08 11:45,2025-12-08 15:50,1765212300000,1765227000000,89700.0,90237.0,0.60,UP,WIN,2.0,2.04,69,50,4.1,True,False
zone_1636_1770071002,2025-12-18 15:10,2025-12-18 17:25,1766088600000,1766096700000,84710.2,85261.2,0.65,UP,WIN,2.0,4.13,68,28,2.2,True,True
zone_1781_1770071003,2025-12-03 00:50,2025-12-03 02:00,1764741000000,1764745200000,93402.1,93931.1,0.57,DOWN,WIN,2.0,3.33,68,15,1.2,True,True
zone_1365_1770071001,2025-12-14 16:40,2025-12-14 20:45,1765748400000,1765763100000,88300.0,88580.3,0.32,UP,WIN,2.0,5.01,68,50,4.1,True,True
zone_1847_1770071003,2025-11-29 12:55,2025-11-29 13:40,1764438900000,1764441600000,90071.3,90509.8,0.49,UP,WIN,2.0,1.19,68,10,0.8,False,False
zone_1865_1770071003,2025-11-26 10:30,2025-11-26 11:10,1764171000000,1764173400000,86628.3,87362.3,0.85,UP,WIN,2.0,4.48,68,9,0.7,True,True
zone_1377_1770071001,2025-12-18 04:40,2025-12-18 08:45,1766050800000,1766065500000,87142.2,87398.4,0.29,UP,WIN,2.0,8.14,68,50,4.1,True,True
zone_1424_1770071001,2025-12-31 12:10,2025-12-31 16:15,1767201000000,1767215700000,87441.9,87700.5,0.30,UP,WIN,2.0,1.37,68,50,4.1,False,False
zone_1791_1770071003,2025-12-02 15:30,2025-12-02 16:35,1764707400000,1764711300000,90674.9,91245.6,0.63,UP,WIN,2.0,4.19,67,14,1.1,True,True
zone_1258_1770071000,2025-11-06 22:15,2025-11-07 02:20,1762485300000,1762500000000,101828.2,102331.7,0.49,DOWN,WIN,2.0,5.22,67,50,4.1,True,True
zone_1730_1770071003,2025-12-19 12:45,2025-12-19 14:15,1766166300000,1766171700000,86773.1,87406.3,0.73,UP,WIN,2.0,1.63,67,19,1.5,False,False
zone_1561_1770071002,2025-11-07 22:45,2025-11-08 01:40,1762573500000,1762584000000,102450.3,102744.8,0.29,DOWN,WIN,2.0,3.54,67,36,2.9,True,True
zone_1783_1770071003,2025-12-07 18:10,2025-12-07 19:20,1765149000000,1765153200000,89478.6,90121.5,0.72,UP,WIN,2.0,2.68,67,15,1.2,True,False
zone_1824_1770071003,2025-11-30 08:20,2025-11-30 09:15,1764508800000,1764512100000,91590.0,91963.7,0.41,DOWN,WIN,2.0,2.02,67,12,0.9,True,False
zone_1620_1770071002,2025-11-11 07:40,2025-11-11 10:00,1762864800000,1762873200000,104348.7,104794.9,0.43,DOWN,WIN,2.0,4.32,67,29,2.3,True,True
zone_1684_1770071002,2025-11-07 20:50,2025-11-07 22:40,1762566600000,1762573200000,102867.1,103279.3,0.40,DOWN,WIN,2.0,2.90,67,23,1.8,True,False
zone_1601_1770071002,2025-12-22 07:40,2025-12-22 10:10,1766407200000,1766416200000,90008.8,90297.0,0.32,DOWN,WIN,2.0,7.47,66,31,2.5,True,True
zone_1589_1770071002,2025-12-21 08:45,2025-12-21 11:20,1766324700000,1766334000000,87533.7,88099.0,0.65,UP,WIN,2.0,2.67,66,32,2.6,True,False
zone_1709_1770071003,2026-01-15 13:35,2026-01-15 15:15,1768502100000,1768508100000,95510.0,96029.9,0.54,DOWN,WIN,2.0,0.84,66,21,1.7,False,False
zone_1583_1770071002,2025-12-09 20:20,2025-12-09 23:00,1765329600000,1765339200000,91919.4,92344.2,0.46,UP,WIN,2.0,2.23,66,33,2.7,True,False
zone_1691_1770071003,2026-01-29 23:20,2026-01-30 01:10,1769746800000,1769753400000,82827.0,83287.1,0.56,DOWN,LOSS,-1.0,1.78,66,23,1.8,False,False
zone_1308_1770071000,2025-11-26 16:30,2025-11-26 20:35,1764192600000,1764207300000,90080.7,90472.9,0.44,UP,WIN,2.0,3.65,66,50,4.1,True,True
zone_1822_1770071003,2025-11-21 20:20,2025-11-21 21:15,1763774400000,1763777700000,84742.0,85168.9,0.50,DOWN,WIN,2.0,2.78,65,12,0.9,True,False
zone_1428_1770071001,2026-01-02 04:55,2026-01-02 09:00,1767347700000,1767362400000,89340.9,89946.0,0.68,DOWN,LOSS,-1.0,1.53,65,50,4.1,False,False
zone_1821_1770071003,2025-11-18 22:35,2025-11-18 23:30,1763523300000,1763526600000,91620.0,92087.5,0.51,DOWN,WIN,2.0,3.52,65,12,0.9,True,True
zone_1405_1770071001,2025-12-26 14:15,2025-12-26 18:20,1766776500000,1766791200000,87195.4,87546.0,0.40,UP,WIN,2.0,0.35,65,50,4.1,False,False
zone_1445_1770071001,2026-01-07 00:25,2026-01-07 04:30,1767763500000,1767778200000,92470.0,92821.5,0.38,DOWN,WIN,2.0,4.40,65,50,4.1,True,True
zone_1496_1770071001,2026-01-21 06:25,2026-01-21 10:30,1768994700000,1769009400000,88642.2,89333.0,0.78,UP,LOSS,-1.0,1.60,65,50,4.1,False,False
zone_1727_1770071003,2025-11-07 13:05,2025-11-07 14:35,1762538700000,1762544100000,102326.4,102835.2,0.50,UP,WIN,2.0,2.38,65,19,1.5,True,False
zone_1490_1770071001,2026-01-19 07:50,2026-01-19 11:55,1768827000000,1768841700000,92702.0,93075.5,0.40,UP,LOSS,-1.0,0.75,65,50,4.1,False,False
zone_1517_1770071002,2026-01-28 01:30,2026-01-28 05:35,1769581800000,1769596500000,89080.4,89366.3,0.32,UP,WIN,2.0,4.30,64,50,4.1,True,True
zone_1829_1770071003,2026-01-22 23:10,2026-01-23 00:05,1769141400000,1769144700000,89867.7,90062.7,0.22,DOWN,WIN,2.0,5.44,64,12,0.9,True,True
zone_1282_1770071000,2025-11-15 15:35,2025-11-15 19:40,1763238900000,1763253600000,95038.1,95664.4,0.66,DOWN,LOSS,-1.0,0.44,64,50,4.1,False,False
zone_1640_1770071002,2026-01-20 22:15,2026-01-21 00:30,1768965300000,1768973400000,89107.8,89560.0,0.51,UP,LOSS,-1.0,1.19,64,28,2.2,False,False
zone_1483_1770071001,2026-01-17 22:35,2026-01-18 02:40,1768707300000,1768722000000,95066.6,95179.9,0.12,DOWN,LOSS,-1.0,1.99,64,50,4.1,False,False
zone_1335_1770071001,2025-12-05 22:30,2025-12-06 02:35,1764991800000,1765006500000,89471.2,89699.0,0.25,DOWN,LOSS,-1.0,1.35,64,50,4.1,False,False
zone_1557_1770071002,2026-01-20 08:20,2026-01-20 11:20,1768915200000,1768926000000,90718.8,91066.8,0.38,DOWN,WIN,2.0,8.46,64,37,3.0,True,True
zone_1567_1770071002,2025-12-06 19:35,2025-12-06 22:30,1765067700000,1765078200000,89337.0,89517.7,0.20,UP,LOSS,-1.0,1.29,64,36,2.9,False,False
zone_1834_1770071003,2025-11-18 02:10,2025-11-18 03:00,1763449800000,1763452800000,89605.4,90519.0,1.02,UP,WIN,2.0,3.39,64,11,0.8,True,True
zone_1688_1770071002,2025-12-23 16:00,2025-12-23 17:50,1766523600000,1766530200000,87488.9,87823.8,0.38,DOWN,WIN,2.0,2.26,64,23,1.8,True,False
zone_1459_1770071001,2026-01-10 23:15,2026-01-11 03:20,1768104900000,1768119600000,90654.1,90748.5,0.10,UP,LOSS,-1.0,5.36,64,50,4.1,True,True
zone_1514_1770071001,2026-01-27 08:50,2026-01-27 12:55,1769521800000,1769536500000,87824.4,88400.0,0.66,DOWN,LOSS,-1.0,0.74,64,50,4.1,False,False
zone_1762_1770071003,2025-12-03 13:50,2025-12-03 15:05,1764787800000,1764792300000,92340.8,92803.5,0.50,UP,WIN,2.0,3.00,64,16,1.2,True,False
zone_1761_1770071003,2025-12-01 15:05,2025-12-01 16:20,1764619500000,1764624000000,85126.2,85792.8,0.78,UP,WIN,2.0,2.30,64,16,1.2,True,False
zone_1480_1770071001,2026-01-17 01:35,2026-01-17 05:40,1768631700000,1768646400000,95039.5,95300.8,0.27,DOWN,LOSS,-1.0,0.07,64,50,4.1,False,False
zone_1415_1770071001,2025-12-29 10:40,2025-12-29 14:45,1767022800000,1767037500000,87538.5,87828.4,0.33,DOWN,WIN,2.0,2.62,63,50,4.1,True,False
zone_1642_1770071002,2025-11-19 08:20,2025-11-19 10:30,1763558400000,1763566200000,91172.0,91862.8,0.76,DOWN,WIN,2.0,3.76,63,27,2.2,True,True
zone_1369_1770071001,2025-12-15 16:45,2025-12-15 20:50,1765835100000,1765849800000,85767.6,86267.3,0.58,DOWN,LOSS,-1.0,1.09,63,50,4.1,False,False
zone_1340_1770071001,2025-12-07 13:00,2025-12-07 17:05,1765130400000,1765145100000,90909.0,91726.2,0.90,DOWN,WIN,2.0,2.11,63,50,4.1,True,False
zone_1281_1770071000,2025-11-15 10:15,2025-11-15 14:20,1763219700000,1763234400000,96068.0,96395.5,0.34,DOWN,WIN,2.0,3.99,63,50,4.1,True,True
zone_1364_1770071001,2025-12-14 12:30,2025-12-14 16:35,1765733400000,1765748100000,88604.7,88916.7,0.35,DOWN,WIN,2.0,3.47,63,50,4.1,True,True
zone_1805_1770071003,2026-01-25 13:35,2026-01-25 14:40,1769366100000,1769370000000,86752.9,87477.8,0.84,DOWN,LOSS,-1.0,1.00,63,14,1.1,False,False
zone_1677_1770071002,2025-12-31 07:40,2025-12-31 09:35,1767184800000,1767191700000,88693.7,88854.4,0.18,DOWN,WIN,2.0,9.43,63,24,1.9,True,True
zone_1870_1770071003,2025-12-07 09:25,2025-12-07 10:05,1765117500000,1765119900000,87680.0,88345.1,0.76,UP,WIN,2.0,5.08,63,9,0.7,True,True
zone_1439_1770071001,2026-01-05 10:25,2026-01-05 14:30,1767626700000,1767641400000,93180.4,94000.0,0.88,UP,LOSS,-1.0,0.91,63,50,4.1,False,False
zone_1285_1770071000,2025-11-16 11:30,2025-11-16 15:35,1763310600000,1763325300000,93938.4,94446.9,0.54,DOWN,LOSS,-1.0,2.00,63,50,4.1,True,False
zone_1283_1770071000,2025-11-15 21:30,2025-11-16 01:35,1763260200000,1763274900000,95546.9,95949.8,0.42,UP,LOSS,-1.0,1.60,63,50,4.1,False,False
zone_1504_1770071001,2026-01-24 01:20,2026-01-24 05:25,1769235600000,1769250300000,89592.2,89642.7,0.06,DOWN,WIN,2.0,9.63,63,50,4.1,True,True
zone_1472_1770071001,2026-01-14 09:55,2026-01-14 14:00,1768402500000,1768417200000,96151.1,97090.1,0.98,UP,LOSS,-1.0,0.93,62,50,4.1,False,False
zone_1698_1770071003,2026-01-08 10:45,2026-01-08 12:30,1767887100000,1767893400000,90215.4,90872.0,0.73,UP,LOSS,-1.0,1.10,62,22,1.8,False,False
zone_1653_1770071002,2025-12-10 04:05,2025-12-10 06:10,1765357500000,1765365000000,92396.5,92636.0,0.26,DOWN,WIN,2.0,3.81,62,26,2.1,True,True
zone_1422_1770071001,2025-12-30 18:40,2025-12-30 22:45,1767138000000,1767152700000,88272.5,88533.3,0.30,UP,WIN,2.0,2.02,62,50,4.1,True,False
zone_1717_1770071003,2025-12-03 21:15,2025-12-03 22:50,1764814500000,1764820200000,93569.7,94026.4,0.49,DOWN,WIN,2.0,1.93,62,20,1.6,False,False
zone_1728_1770071003,2025-11-25 12:25,2025-11-25 13:55,1764091500000,1764096900000,87420.5,88126.5,0.81,DOWN,LOSS,-1.0,1.85,62,19,1.5,False,False
zone_1801_1770071003,2026-01-17 10:25,2026-01-17 11:30,1768663500000,1768667400000,95387.0,95555.4,0.18,DOWN,WIN,2.0,2.48,62,14,1.1,True,False
zone_1784_1770071003,2025-12-11 12:15,2025-12-11 13:25,1765473300000,1765477500000,89770.2,90243.6,0.53,UP,WIN,2.0,6.97,62,15,1.2,True,True
zone_1350_1770071001,2025-12-10 21:05,2025-12-11 01:10,1765418700000,1765433400000,89841.2,90479.9,0.71,DOWN,LOSS,-1.0,0.18,61,50,4.1,False,False
zone_1271_1770071000,2025-11-11 11:10,2025-11-11 15:15,1762877400000,1762892100000,103177.3,103709.8,0.52,DOWN,LOSS,-1.0,1.42,61,50,4.1,False,False
zone_1675_1770071002,2025-12-11 13:35,2025-12-11 15:30,1765478100000,1765485000000,90313.6,91157.0,0.93,UP,WIN,2.0,2.83,61,24,1.9,True,False
zone_1293_1770071000,2025-11-19 02:35,2025-11-19 06:40,1763537700000,1763552400000,91398.2,91975.2,0.63,DOWN,LOSS,-1.0,4.90,61,50,4.1,True,True
zone_1372_1770071001,2025-12-16 11:10,2025-12-16 15:15,1765901400000,1765916100000,87360.0,88025.2,0.76,DOWN,LOSS,-1.0,0.80,61,50,4.1,False,False
zone_1419_1770071001,2025-12-30 03:30,2025-12-30 07:35,1767083400000,1767098100000,87730.0,87950.0,0.25,UP,WIN,2.0,6.47,61,50,4.1,True,True
zone_1410_1770071001,2025-12-27 16:55,2025-12-27 21:00,1766872500000,1766887200000,87524.4,87919.2,0.45,UP,LOSS,-1.0,0.06,61,50,4.1,False,False
zone_1572_1770071002,2025-12-04 00:40,2025-12-04 03:30,1764826800000,1764837000000,92740.9,93070.2,0.36,UP,LOSS,-1.0,1.60,61,35,2.8,False,False
zone_1421_1770071001,2025-12-30 14:30,2025-12-30 18:35,1767123000000,1767137700000,88053.0,88396.1,0.39,UP,WIN,2.0,1.32,61,50,4.1,False,False
zone_1624_1770071002,2025-11-26 14:05,2025-11-26 16:25,1764183900000,1764192300000,89700.1,90046.9,0.39,UP,WIN,2.0,5.20,61,29,2.3,True,True
zone_1467_1770071001,2026-01-13 01:55,2026-01-13 06:00,1768287300000,1768302000000,91878.0,92248.0,0.40,UP,LOSS,-1.0,4.30,61,50,4.1,True,True
zone_1742_1770071003,2026-01-22 08:25,2026-01-22 09:50,1769088300000,1769093400000,89365.3,90296.8,1.04,DOWN,LOSS,-1.0,0.97,61,18,1.4,False,False
zone_1594_1770071002,2025-11-23 18:30,2025-11-23 21:00,1763940600000,1763949600000,86250.0,87028.2,0.90,UP,LOSS,-1.0,1.28,60,31,2.5,False,False
zone_1749_1770071003,2025-12-24 10:35,2025-12-24 11:55,1766590500000,1766595300000,86856.5,87193.0,0.39,UP,WIN,2.0,2.50,60,17,1.3,True,False
zone_1374_1770071001,2025-12-16 23:35,2025-12-17 03:40,1765946100000,1765960800000,86372.4,86955.3,0.67,DOWN,LOSS,-1.0,0.44,60,50,4.1,False,False
zone_1527_1770071002,2026-02-01 11:35,2026-02-01 15:40,1769963700000,1769978400000,77088.9,77731.7,0.83,DOWN,LOSS,-1.0,3.92,60,50,4.1,True,True
zone_1401_1770071001,2025-12-25 15:00,2025-12-25 19:05,1766692800000,1766707500000,87601.8,88137.8,0.61,DOWN,LOSS,-1.0,1.47,60,50,4.1,False,False
zone_1716_1770071003,2025-12-03 19:30,2025-12-03 21:05,1764808200000,1764813900000,92619.8,93283.6,0.72,UP,LOSS,-1.0,1.17,60,20,1.6,False,False
zone_1390_1770071001,2025-12-22 14:30,2025-12-22 18:35,1766431800000,1766446500000,87894.3,88584.1,0.78,UP,LOSS,-1.0,0.45,60,50,4.1,False,False
zone_1510_1770071001,2026-01-26 00:30,2026-01-26 04:35,1769405400000,1769420100000,87706.6,87923.9,0.25,DOWN,LOSS,-1.0,3.60,60,50,4.1,True,True
zone_1766_1770071003,2025-12-23 19:50,2025-12-23 21:05,1766537400000,1766541900000,87491.2,87800.0,0.35,DOWN,WIN,2.0,2.65,60,16,1.2,True,False
zone_1605_1770071002,2026-01-20 19:40,2026-01-20 22:10,1768956000000,1768965000000,88766.5,89092.0,0.37,UP,WIN,2.0,3.10,60,31,2.5,True,True
zone_1647_1770071002,2026-01-08 12:40,2026-01-08 14:50,1767894000000,1767901800000,91060.3,91433.0,0.41,DOWN,LOSS,-1.0,1.47,60,27,2.2,False,False
zone_1449_1770071001,2026-01-07 18:50,2026-01-07 22:55,1767829800000,1767844500000,91022.4,91478.0,0.50,DOWN,WIN,2.0,3.15,60,50,4.1,True,True
zone_1320_1770071000,2025-11-30 03:25,2025-11-30 07:30,1764491100000,1764505800000,90880.9,91263.7,0.42,UP,LOSS,-1.0,1.83,60,50,4.1,False,False
zone_1689_1770071003,2025-12-23 17:55,2025-12-23 19:45,1766530500000,1766537100000,87113.8,87471.8,0.41,UP,LOSS,-1.0,0.92,60,23,1.8,False,False
zone_1849_1770071003,2025-12-03 13:00,2025-12-03 13:45,1764784800000,1764787500000,92870.5,93512.0,0.69,DOWN,LOSS,-1.0,0.83,60,10,0.8,False,False
zone_1863_1770071003,2025-11-25 19:50,2025-11-25 20:30,1764118200000,1764120600000,87283.4,87700.0,0.48,UP,LOSS,-1.0,1.20,60,9,0.7,False,False
zone_1610_1770071002,2025-11-22 20:05,2025-11-22 22:30,1763859900000,1763868600000,85129.3,85900.0,0.91,UP,WIN,2.0,1.23,60,30,2.4,False,False
zone_1466_1770071001,2026-01-12 17:05,2026-01-12 21:10,1768255500000,1768270200000,91149.9,91411.6,0.29,DOWN,LOSS,-1.0,0.37,59,50,4.1,False,False
zone_1608_1770071002,2026-01-29 17:20,2026-01-29 19:50,1769725200000,1769734200000,84325.9,84542.9,0.26,DOWN,WIN,2.0,15.33,59,31,2.5,True,True
zone_1313_1770071000,2025-11-28 13:55,2025-11-28 18:00,1764356100000,1764370800000,90633.0,91120.6,0.54,UP,LOSS,-1.0,0.03,59,50,4.1,False,False
zone_1325_1770071000,2025-12-01 22:45,2025-12-02 02:50,1764647100000,1764661800000,86726.9,87237.6,0.59,DOWN,LOSS,-1.0,0.93,59,50,4.1,False,False
zone_1432_1770071001,2026-01-03 19:45,2026-01-03 23:50,1767487500000,1767502200000,91068.9,91456.5,0.43,UP,LOSS,-1.0,0.82,59,50,4.1,False,False
zone_1814_1770071003,2025-12-20 05:20,2025-12-20 06:20,1766226000000,1766229600000,88081.9,88171.6,0.10,UP,LOSS,-1.0,2.45,59,13,1.0,True,False
zone_1500_1770071001,2026-01-22 03:55,2026-01-22 08:00,1769072100000,1769086800000,89833.8,90035.9,0.22,UP,LOSS,-1.0,1.29,59,50,4.1,False,False
zone_1482_1770071001,2026-01-17 17:20,2026-01-17 21:25,1768688400000,1768703100000,94970.1,95200.0,0.24,DOWN,LOSS,-1.0,0.63,59,50,4.1,False,False
zone_1732_1770071003,2025-12-31 16:20,2025-12-31 17:50,1767216000000,1767221400000,87705.5,87834.9,0.15,DOWN,LOSS,-1.0,1.47,59,19,1.5,False,False
zone_1423_1770071001,2025-12-30 22:50,2025-12-31 02:55,1767153000000,1767167700000,88351.2,88521.0,0.19,UP,LOSS,-1.0,3.97,59,50,4.1,True,True
zone_1548_1770071002,2025-11-08 02:15,2025-11-08 05:20,1762586100000,1762597200000,101832.8,102349.4,0.51,UP,LOSS,-1.0,0.46,59,38,3.1,False,False
zone_1532_1770071002,2025-12-31 19:50,2025-12-31 23:05,1767228600000,1767240300000,87747.0,88022.1,0.31,DOWN,LOSS,-1.0,0.84,59,40,3.2,False,False
zone_1411_1770071001,2025-12-28 03:15,2025-12-28 07:20,1766909700000,1766924400000,87722.7,87942.4,0.25,UP,LOSS,-1.0,0.55,59,50,4.1,False,False
zone_1394_1770071001,2025-12-24 01:20,2025-12-24 05:25,1766557200000,1766571900000,86811.2,87041.2,0.26,UP,LOSS,-1.0,2.70,59,50,4.1,True,False
zone_1693_1770071003,2025-12-10 10:30,2025-12-10 12:15,1765380600000,1765386900000,91484.6,92133.8,0.71,UP,WIN,2.0,3.58,59,22,1.8,True,True
zone_1518_1770071002,2026-01-28 10:20,2026-01-28 14:25,1769613600000,1769628300000,89046.0,89594.6,0.62,DOWN,LOSS,-1.0,2.54,59,50,4.1,True,False
zone_1479_1770071001,2026-01-16 21:10,2026-01-17 01:15,1768615800000,1768630500000,95139.4,95320.0,0.19,DOWN,LOSS,-1.0,0.95,59,50,4.1,False,False
zone_1780_1770071003,2025-11-30 20:15,2025-11-30 21:25,1764551700000,1764555900000,87120.0,87711.9,0.68,DOWN,WIN,2.0,2.64,59,15,1.2,True,False
zone_1571_1770071002,2026-01-23 22:20,2026-01-24 01:15,1769224800000,1769235300000,89692.3,89883.4,0.21,DOWN,WIN,2.0,3.07,59,36,2.9,True,True
zone_1444_1770071001,2026-01-06 20:00,2026-01-07 00:05,1767747600000,1767762300000,92257.0,92856.5,0.65,UP,LOSS,-1.0,0.13,58,50,4.1,False,False
zone_1324_1770071000,2025-12-01 16:25,2025-12-01 20:30,1764624300000,1764639000000,86108.7,86598.8,0.57,UP,WIN,2.0,1.30,58,50,4.1,False,False
zone_1329_1770071001,2025-12-04 06:30,2025-12-04 10:35,1764847800000,1764862500000,92690.0,93008.3,0.34,DOWN,LOSS,-1.0,5.94,58,50,4.1,True,True
zone_1637_1770071002,2026-01-02 01:40,2026-01-02 03:55,1767336000000,1767344100000,88870.0,89061.8,0.22,UP,WIN,2.0,9.89,58,28,2.2,True,True
zone_1409_1770071001,2025-12-27 12:25,2025-12-27 16:30,1766856300000,1766871000000,87476.6,87539.8,0.07,UP,WIN,2.0,6.62,58,50,4.1,True,True
zone_1864_1770071003,2025-11-26 03:15,2025-11-26 03:55,1764144900000,1764147300000,87411.6,87648.0,0.27,DOWN,WIN,2.0,4.90,58,9,0.7,True,True
zone_1257_1770071000,2025-11-06 18:05,2025-11-06 22:10,1762470300000,1762485000000,101060.8,101492.9,0.43,UP,WIN,2.0,2.32,58,50,4.1,True,False
zone_1275_1770071000,2025-11-12 11:55,2025-11-12 16:00,1762966500000,1762981200000,101352.9,101773.4,0.41,UP,LOSS,-1.0,1.93,58,50,4.1,False,False
zone_1720_1770071003,2025-12-19 10:50,2025-12-19 12:25,1766159400000,1766165100000,87741.8,88478.8,0.84,DOWN,LOSS,-1.0,1.40,57,20,1.6,False,False
zone_1392_1770071001,2025-12-23 11:05,2025-12-23 15:10,1766505900000,1766520600000,87568.6,88104.8,0.61,UP,LOSS,-1.0,0.45,57,50,4.1,False,False
zone_1463_1770071001,2026-01-11 21:50,2026-01-12 01:55,1768186200000,1768200900000,92101.5,92500.0,0.43,DOWN,WIN,2.0,5.10,57,50,4.1,True,True
zone_1672_1770071002,2025-11-25 10:20,2025-11-25 12:15,1764084000000,1764090900000,86285.0,87267.5,1.14,UP,LOSS,-1.0,0.87,57,24,1.9,False,False
zone_1407_1770071001,2025-12-26 22:35,2025-12-27 02:40,1766806500000,1766821200000,87430.0,87491.2,0.07,UP,WIN,2.0,2.35,57,50,4.1,True,False
zone_1420_1770071001,2025-12-30 10:20,2025-12-30 14:25,1767108000000,1767122700000,88179.7,89127.0,1.07,DOWN,LOSS,-1.0,0.38,57,50,4.1,False,False
zone_1613_1770071002,2025-12-03 16:40,2025-12-03 19:05,1764798000000,1764806700000,93318.9,93800.0,0.52,DOWN,LOSS,-1.0,1.45,57,30,2.4,False,False
zone_1671_1770071002,2025-11-24 21:05,2025-11-24 23:00,1764036300000,1764043200000,87400.0,87857.1,0.52,UP,LOSS,-1.0,1.40,57,24,1.9,False,False
zone_1810_1770071003,2025-11-14 20:35,2025-11-14 21:35,1763170500000,1763174100000,95146.3,95798.2,0.69,UP,LOSS,-1.0,1.50,57,13,1.0,False,False
zone_1838_1770071003,2025-12-24 20:50,2025-12-24 21:40,1766627400000,1766630400000,87520.8,87728.1,0.24,UP,LOSS,-1.0,1.04,57,11,0.8,False,False
zone_1290_1770071000,2025-11-18 03:35,2025-11-18 07:40,1763454900000,1763469600000,90917.2,91430.1,0.56,UP,LOSS,-1.0,4.62,56,50,4.1,True,True
zone_1334_1770071001,2025-12-05 12:50,2025-12-05 16:55,1764957000000,1764971700000,89110.7,89784.1,0.76,DOWN,LOSS,-1.0,0.39,56,50,4.1,False,False
zone_1639_1770071002,2026-01-15 11:00,2026-01-15 13:15,1768492800000,1768500900000,96214.3,96904.6,0.72,DOWN,WIN,2.0,1.66,56,28,2.2,False,False
zone_1402_1770071001,2025-12-25 21:20,2025-12-26 01:25,1766715600000,1766730300000,88590.2,89404.9,0.92,UP,LOSS,-1.0,0.16,56,50,4.1,False,False
zone_1616_1770071002,2026-01-10 20:45,2026-01-10 23:10,1768095900000,1768104600000,90549.1,90652.8,0.11,UP,LOSS,-1.0,1.93,56,30,2.4,False,False
zone_1470_1770071001,2026-01-14 00:00,2026-01-14 04:05,1768366800000,1768381500000,94920.3,95237.9,0.33,DOWN,LOSS,-1.0,0.90,56,50,4.1,False,False
zone_1418_1770071001,2025-12-29 23:20,2025-12-30 03:25,1767068400000,1767083100000,87250.0,87450.0,0.23,UP,WIN,2.0,9.62,56,50,4.1,True,True
zone_1598_1770071002,2025-12-11 22:20,2025-12-12 00:50,1765509600000,1765518600000,92131.8,92360.7,0.25,UP,LOSS,-1.0,1.43,56,31,2.5,False,False
zone_1666_1770071002,2026-01-31 16:15,2026-01-31 18:15,1769894100000,1769901300000,77325.1,78293.1,1.25,UP,LOSS,-1.0,1.13,56,25,2.0,False,False
zone_1843_1770071003,2026-01-29 21:20,2026-01-29 22:10,1769739600000,1769742600000,81089.1,82132.0,1.29,UP,WIN,2.0,1.12,56,11,0.8,False,False
zone_1368_1770071001,2025-12-15 12:35,2025-12-15 16:40,1765820100000,1765834800000,85527.4,85949.0,0.49,UP,LOSS,-1.0,1.26,56,50,4.1,False,False
zone_1867_1770071003,2025-11-30 07:35,2025-11-30 08:15,1764506100000,1764508500000,91166.5,91499.0,0.36,UP,LOSS,-1.0,1.40,55,9,0.7,False,False
zone_1521_1770071002,2026-01-30 02:25,2026-01-30 06:30,1769757900000,1769772600000,82431.2,82894.9,0.56,UP,LOSS,-1.0,3.75,55,50,4.1,True,True
zone_1312_1770071000,2025-11-28 03:50,2025-11-28 07:55,1764319800000,1764334500000,91138.4,91833.9,0.76,UP,LOSS,-1.0,1.79,55,50,4.1,False,False
zone_1509_1770071001,2026-01-25 20:10,2026-01-26 00:15,1769389800000,1769404500000,87192.2,87756.6,0.65,UP,LOSS,-1.0,1.06,55,50,4.1,False,False
zone_1501_1770071001,2026-01-22 13:05,2026-01-22 17:10,1769105100000,1769119800000,89337.8,89749.0,0.46,DOWN,LOSS,-1.0,0.53,55,50,4.1,False,False
zone_1578_1770071002,2025-11-09 21:00,2025-11-09 23:45,1762740000000,1762749900000,105550.0,105930.4,0.36,UP,LOSS,-1.0,1.69,55,34,2.8,False,False
zone_1473_1770071001,2026-01-14 14:20,2026-01-14 18:25,1768418400000,1768433100000,97038.6,97603.5,0.58,DOWN,WIN,2.0,2.34,55,50,4.1,True,False
zone_1438_1770071001,2026-01-05 04:45,2026-01-05 08:50,1767606300000,1767621000000,92610.0,92924.7,0.34,DOWN,LOSS,-1.0,0.83,55,50,4.1,False,False
zone_1252_1770071000,2025-11-04 22:15,2025-11-05 02:20,1762312500000,1762327200000,101439.5,102234.7,0.78,DOWN,LOSS,-1.0,0.40,55,50,4.1,False,False
zone_1268_1770071000,2025-11-10 13:00,2025-11-10 17:05,1762797600000,1762812300000,105639.2,106033.8,0.37,DOWN,LOSS,-1.0,2.00,55,50,4.1,True,False
zone_1719_1770071003,2025-12-08 02:25,2025-12-08 04:00,1765178700000,1765184400000,91438.8,91845.6,0.44,UP,LOSS,-1.0,1.02,55,20,1.6,False,False
zone_1356_1770071001,2025-12-12 12:30,2025-12-12 16:35,1765560600000,1765575300000,89774.9,90279.8,0.56,UP,LOSS,-1.0,0.29,55,50,4.1,False,False
zone_1349_1770071001,2025-12-10 06:20,2025-12-10 10:25,1765365600000,1765380300000,91710.3,92339.4,0.69,DOWN,LOSS,-1.0,0.36,55,50,4.1,False,False
zone_1437_1770071001,2026-01-05 00:10,2026-01-05 04:15,1767589800000,1767604500000,92451.8,92695.0,0.26,UP,LOSS,-1.0,7.22,55,50,4.1,True,True
zone_1464_1770071001,2026-01-12 03:35,2026-01-12 07:40,1768206900000,1768221600000,90315.8,91100.1,0.87,DOWN,LOSS,-1.0,0.32,55,50,4.1,False,False
zone_1498_1770071001,2026-01-21 19:25,2026-01-21 23:30,1769041500000,1769056200000,89759.6,90082.5,0.36,DOWN,LOSS,-1.0,0.18,55,50,4.1,False,False
zone_1707_1770071003,2025-12-07 00:35,2025-12-07 02:15,1765085700000,1765091700000,89424.4,89580.0,0.17,DOWN,WIN,2.0,11.21,55,21,1.7,True,True
zone_1575_1770071002,2026-01-16 13:00,2026-01-16 15:50,1768586400000,1768596600000,94986.9,95206.5,0.23,UP,LOSS,-1.0,1.60,55,35,2.8,False,False
zone_1286_1770071000,2025-11-16 15:50,2025-11-16 19:55,1763326200000,1763340900000,93540.0,94239.0,0.75,UP,WIN,2.0,2.50,55,50,4.1,True,False
zone_1513_1770071001,2026-01-27 04:05,2026-01-27 08:10,1769504700000,1769519400000,87862.3,88065.8,0.23,DOWN,LOSS,-1.0,3.09,55,50,4.1,True,True
zone_1553_1770071002,2026-01-31 22:30,2026-02-01 01:35,1769916600000,1769927700000,78637.6,78871.1,0.30,DOWN,WIN,2.0,6.16,55,38,3.1,True,True
zone_1538_1770071002,2025-11-13 05:15,2025-11-13 08:25,1763028900000,1763040300000,102717.9,103246.0,0.51,DOWN,LOSS,-1.0,9.06,55,39,3.2,True,True
zone_1528_1770071002,2026-02-02 04:25,2026-02-02 08:30,1770024300000,1770039000000,76970.1,77777.0,1.05,UP,OPEN,0.0,2.00,55,50,4.1,False,False
zone_1331_1770071001,2025-12-04 15:55,2025-12-04 20:00,1764881700000,1764896400000,92200.1,92681.2,0.52,UP,LOSS,-1.0,-0.05,55,50,4.1,False,False
zone_1386_1770071001,2025-12-21 03:40,2025-12-21 07:45,1766306400000,1766321100000,88314.9,88776.3,0.52,DOWN,LOSS,-1.0,1.69,55,50,4.1,False,False
zone_1400_1770071001,2025-12-25 10:25,2025-12-25 14:30,1766676300000,1766691000000,87793.9,88565.5,0.88,DOWN,LOSS,-1.0,1.27,55,50,4.1,False,False
zone_1715_1770071003,2025-11-27 02:40,2025-11-27 04:15,1764229200000,1764234900000,91170.8,91473.4,0.33,UP,LOSS,-1.0,1.42,55,20,1.6,False,False
zone_1793_1770071003,2025-12-23 05:10,2025-12-23 06:15,1766484600000,1766488500000,87454.5,87620.2,0.19,UP,LOSS,-1.0,3.80,55,14,1.1,True,True
zone_1317_1770071000,2025-11-29 13:50,2025-11-29 17:55,1764442200000,1764456900000,90559.9,90823.1,0.29,UP,LOSS,-1.0,0.79,55,50,4.1,False,False
zone_1753_1770071003,2026-01-01 19:40,2026-01-01 21:00,1767314400000,1767319200000,88613.7,88863.0,0.28,DOWN,LOSS,-1.0,1.15,55,17,1.3,False,False
zone_1465_1770071001,2026-01-12 12:20,2026-01-12 16:25,1768238400000,1768253100000,90955.9,92073.4,1.23,DOWN,LOSS,-1.0,0.07,55,50,4.1,False,False
zone_1298_1770071000,2025-11-21 21:20,2025-11-22 01:25,1763778000000,1763792700000,84239.7,84714.3,0.56,UP,LOSS,-1.0,0.11,54,50,4.1,False,False
zone_1397_1770071001,2025-12-24 16:10,2025-12-24 20:15,1766610600000,1766625300000,87555.3,87783.7,0.26,UP,LOSS,-1.0,0.70,54,50,4.1,False,False
zone_1831_1770071003,2025-11-09 03:55,2025-11-09 04:45,1762678500000,1762681500000,101836.1,102096.9,0.26,DOWN,LOSS,-1.0,1.48,54,11,0.8,False,False
zone_1387_1770071001,2025-12-21 11:25,2025-12-21 15:30,1766334300000,1766349000000,88128.1,88391.4,0.30,DOWN,LOSS,-1.0,1.08,54,50,4.1,False,False
zone_1393_1770071001,2025-12-23 21:10,2025-12-24 01:15,1766542200000,1766556900000,86877.3,87434.9,0.64,DOWN,LOSS,-1.0,0.92,54,50,4.1,False,False
zone_1391_1770071001,2025-12-23 01:00,2025-12-23 05:05,1766469600000,1766484300000,86987.6,87745.8,0.87,UP,LOSS,-1.0,0.66,54,50,4.1,False,False
zone_1450_1770071001,2026-01-08 16:05,2026-01-08 20:10,1767906300000,1767921000000,90980.7,91274.7,0.32,UP,LOSS,-1.0,1.10,54,50,4.1,False,False
zone_1506_1770071001,2026-01-24 22:40,2026-01-25 02:45,1769312400000,1769327100000,88802.2,88992.2,0.21,DOWN,WIN,2.0,4.62,54,50,4.1,True,True
zone_1255_1770071000,2025-11-06 01:00,2025-11-06 05:05,1762408800000,1762423500000,102940.3,103550.0,0.59,DOWN,LOSS,-1.0,4.44,54,50,4.1,True,True
zone_1348_1770071001,2025-12-09 23:55,2025-12-10 04:00,1765342500000,1765357200000,92462.0,92685.2,0.24,DOWN,LOSS,-1.0,4.38,54,50,4.1,True,True
zone_1478_1770071001,2026-01-16 15:55,2026-01-16 20:00,1768596900000,1768611600000,95287.5,95557.6,0.28,DOWN,LOSS,-1.0,1.18,54,50,4.1,False,False
zone_1489_1770071001,2026-01-19 03:40,2026-01-19 07:45,1768812000000,1768826700000,92883.6,93314.0,0.46,DOWN,LOSS,-1.0,0.55,54,50,4.1,False,False
zone_1622_1770071002,2025-11-16 02:15,2025-11-16 04:35,1763277300000,1763285700000,95677.0,96025.6,0.36,UP,LOSS,-1.0,1.63,54,29,2.3,False,False
zone_1338_1770071001,2025-12-06 14:00,2025-12-06 18:05,1765047600000,1765062300000,89200.0,89718.6,0.58,DOWN,LOSS,-1.0,0.66,54,50,4.1,False,False
zone_1403_1770071001,2025-12-26 02:50,2025-12-26 06:55,1766735400000,1766750100000,88310.0,88860.6,0.62,UP,LOSS,-1.0,0.38,54,50,4.1,False,False
zone_1579_1770071002,2025-11-27 08:25,2025-11-27 11:10,1764249900000,1764259800000,90457.2,90995.0,0.59,UP,WIN,2.0,1.50,54,34,2.8,False,False
zone_1267_1770071000,2025-11-10 04:05,2025-11-10 08:10,1762765500000,1762780200000,105775.0,106520.8,0.71,DOWN,LOSS,-1.0,1.57,54,50,4.1,False,False
zone_1558_1770071002,2026-01-22 20:05,2026-01-22 23:05,1769130300000,1769141100000,89534.6,89838.3,0.34,UP,LOSS,-1.0,0.74,54,37,3.0,False,False
zone_1785_1770071003,2025-12-20 04:05,2025-12-20 05:15,1766221500000,1766225700000,88199.8,88300.0,0.11,DOWN,LOSS,-1.0,4.59,54,15,1.2,True,True
zone_1454_1770071001,2026-01-09 17:30,2026-01-09 21:35,1767997800000,1768012500000,90500.0,90673.6,0.19,DOWN,LOSS,-1.0,0.73,54,50,4.1,False,False
zone_1453_1770071001,2026-01-09 13:20,2026-01-09 17:25,1767982800000,1767997500000,90287.6,91006.3,0.80,DOWN,LOSS,-1.0,-0.12,54,50,4.1,False,False
zone_1812_1770071003,2025-12-06 18:30,2025-12-06 19:30,1765063800000,1765067400000,88957.8,89315.2,0.40,UP,LOSS,-1.0,1.22,54,13,1.0,False,False
zone_1373_1770071001,2025-12-16 15:20,2025-12-16 19:25,1765916400000,1765931100000,87366.0,87800.0,0.50,UP,LOSS,-1.0,0.30,54,50,4.1,False,False
zone_1456_1770071001,2026-01-10 04:30,2026-01-10 08:35,1768037400000,1768052100000,90575.8,90742.5,0.18,DOWN,LOSS,-1.0,1.46,54,50,4.1,False,False
zone_1484_1770071001,2026-01-18 03:20,2026-01-18 07:25,1768724400000,1768739100000,95000.0,95163.4,0.17,DOWN,LOSS,-1.0,0.97,54,50,4.1,False,False
zone_1481_1770071001,2026-01-17 11:35,2026-01-17 15:40,1768667700000,1768682400000,95164.0,95367.3,0.21,DOWN,LOSS,-1.0,1.71,54,50,4.1,False,False
zone_1486_1770071001,2026-01-18 13:05,2026-01-18 17:10,1768759500000,1768774200000,95114.9,95417.0,0.32,UP,LOSS,-1.0,0.24,54,50,4.1,False,False
zone_1505_1770071001,2026-01-24 11:35,2026-01-24 15:40,1769272500000,1769287200000,89127.0,89373.7,0.28,UP,LOSS,-1.0,0.33,53,50,4.1,False,False
zone_1366_1770071001,2025-12-14 21:20,2025-12-15 01:25,1765765200000,1765779900000,89190.1,89986.0,0.89,UP,LOSS,-1.0,-0.05,53,50,4.1,False,False
zone_1305_1770071000,2025-11-24 04:20,2025-11-24 08:25,1763976000000,1763990700000,85757.6,86232.2,0.55,UP,LOSS,-1.0,6.19,53,50,4.1,True,True
zone_1833_1770071003,2025-11-15 20:35,2025-11-15 21:25,1763256900000,1763259900000,94760.9,95411.8,0.69,UP,LOSS,-1.0,1.82,53,11,0.8,False,False
zone_1455_1770071001,2026-01-09 22:40,2026-01-10 02:45,1768016400000,1768031100000,90462.7,90624.2,0.18,UP,LOSS,-1.0,1.16,53,50,4.1,False,False
zone_1853_1770071003,2025-12-28 21:25,2025-12-28 22:10,1766975100000,1766977800000,88899.9,89289.7,0.44,UP,WIN,2.0,2.90,53,10,0.8,True,False
zone_1525_1770071002,2026-01-31 18:20,2026-01-31 22:25,1769901600000,1769916300000,78473.5,79239.7,0.98,DOWN,WIN,2.0,0.83,53,50,4.1,False,False
zone_1299_1770071000,2025-11-22 04:20,2025-11-22 08:25,1763803200000,1763817900000,83806.0,84227.0,0.50,DOWN,LOSS,-1.0,0.34,53,50,4.1,False,False
zone_1477_1770071001,2026-01-16 05:45,2026-01-16 09:50,1768560300000,1768575000000,95201.6,95378.3,0.19,DOWN,LOSS,-1.0,5.43,53,50,4.1,True,True
zone_1300_1770071000,2025-11-22 09:00,2025-11-22 13:05,1763820000000,1763834700000,83893.0,84725.6,0.99,UP,WIN,2.0,1.75,53,50,4.1,False,False
zone_1284_1770071000,2025-11-16 06:20,2025-11-16 10:25,1763292000000,1763306700000,95456.1,96048.4,0.62,DOWN,WIN,2.0,4.28,53,50,4.1,True,True
zone_1380_1770071001,2025-12-19 18:50,2025-12-19 22:55,1766188200000,1766202900000,87972.8,88164.0,0.22,UP,LOSS,-1.0,1.97,53,50,4.1,False,False
zone_1288_1770071000,2025-11-17 03:15,2025-11-17 07:20,1763367300000,1763382000000,95478.9,95989.0,0.53,DOWN,WIN,2.0,8.33,52,50,4.1,True,True
zone_1664_1770071002,2026-01-24 05:30,2026-01-24 07:30,1769250600000,1769257800000,89532.7,89588.7,0.06,DOWN,WIN,2.0,7.62,52,25,2.0,True,True
zone_1339_1770071001,2025-12-07 02:20,2025-12-07 06:25,1765092000000,1765106700000,89156.2,89399.8,0.27,DOWN,LOSS,-1.0,6.06,52,50,4.1,True,True
zone_1739_1770071003,2025-12-03 15:10,2025-12-03 16:35,1764792600000,1764797700000,92837.5,93278.6,0.48,UP,WIN,2.0,2.06,52,18,1.4,True,False
zone_1621_1770071002,2025-11-15 02:25,2025-11-15 04:45,1763191500000,1763199900000,95959.6,96328.4,0.38,DOWN,LOSS,-1.0,1.17,51,29,2.3,False,False
zone_1845_1770071003,2025-11-18 23:45,2025-11-19 00:30,1763527500000,1763530200000,90777.0,91471.3,0.76,DOWN,LOSS,-1.0,1.16,51,10,0.8,False,False
zone_1848_1770071003,2025-12-03 12:05,2025-12-03 12:50,1764781500000,1764784200000,92155.0,92851.7,0.76,UP,LOSS,-1.0,1.92,51,10,0.8,False,False
zone_1448_1770071001,2026-01-07 14:40,2026-01-07 18:45,1767814800000,1767829500000,90906.3,91283.6,0.42,UP,LOSS,-1.0,0.95,51,50,4.1,False,False
zone_1542_1770071002,2025-12-19 02:35,2025-12-19 05:45,1766129700000,1766141100000,87710.7,88096.9,0.44,UP,LOSS,-1.0,3.32,51,39,3.2,True,True
zone_1873_1770071004,2025-12-21 07:50,2025-12-21 08:30,1766321400000,1766323800000,88127.2,88665.0,0.61,DOWN,LOSS,-1.0,1.10,50,9,0.7,False,False
zone_1545_1770071002,2026-01-04 04:20,2026-01-04 07:30,1767518400000,1767529800000,91221.9,91429.3,0.23,DOWN,LOSS,-1.0,1.99,50,39,3.2,False,False
zone_1447_1770071001,2026-01-07 10:20,2026-01-07 14:25,1767799200000,1767813900000,90989.9,91567.6,0.63,DOWN,LOSS,-1.0,0.75,50,50,4.1,False,False
zone_1644_1770071002,2025-12-11 05:45,2025-12-11 07:55,1765449900000,1765457700000,90112.1,90387.7,0.31,DOWN,LOSS,-1.0,3.31,49,27,2.2,True,True
zone_1406_1770071001,2025-12-26 18:25,2025-12-26 22:30,1766791500000,1766806200000,87290.0,87471.6,0.21,UP,LOSS,-1.0,1.09,49,50,4.1,False,False
zone_1269_1770071000,2025-11-10 17:45,2025-11-10 21:50,1762814700000,1762829400000,105549.7,106241.8,0.66,UP,LOSS,-1.0,1.19,49,50,4.1,False,False
zone_1503_1770071001,2026-01-23 15:30,2026-01-23 19:35,1769200200000,1769214900000,89162.0,89767.0,0.68,DOWN,LOSS,-1.0,-0.35,49,50,4.1,False,False
zone_1383_1770071001,2025-12-20 10:35,2025-12-20 14:40,1766244900000,1766259600000,88060.0,88199.8,0.16,UP,LOSS,-1.0,1.56,49,50,4.1,False,False
zone_1522_1770071002,2026-01-30 07:20,2026-01-30 11:25,1769775600000,1769790300000,82569.5,82877.3,0.37,UP,LOSS,-1.0,5.71,48,50,4.1,True,True
zone_1771_1770071003,2026-01-22 11:30,2026-01-22 12:45,1769099400000,1769103900000,88717.0,89319.5,0.68,UP,LOSS,-1.0,1.04,48,16,1.2,False,False
zone_1646_1770071002,2025-12-28 12:35,2025-12-28 14:45,1766943300000,1766951100000,87583.0,87800.6,0.25,DOWN,LOSS,-1.0,1.00,48,27,2.2,False,False
zone_1827_1770071003,2025-12-17 12:45,2025-12-17 13:40,1765993500000,1765996800000,86200.8,86800.0,0.70,DOWN,LOSS,-1.0,1.57,48,12,0.9,False,False
zone_1638_1770071002,2026-01-06 12:45,2026-01-06 15:00,1767721500000,1767729600000,91217.2,92200.0,1.08,UP,LOSS,-1.0,1.67,48,28,2.2,False,False
zone_1436_1770071001,2026-01-04 19:55,2026-01-05 00:00,1767574500000,1767589200000,92200.0,93050.0,0.92,UP,LOSS,-1.0,0.15,48,50,4.1,False,False
zone_1311_1770071000,2025-11-27 23:10,2025-11-28 03:15,1764303000000,1764317700000,91172.2,91445.0,0.30,DOWN,LOSS,-1.0,0.99,47,50,4.1,False,False
zone_1416_1770071001,2025-12-29 14:50,2025-12-29 18:55,1767037800000,1767052500000,87234.4,87567.3,0.38,DOWN,LOSS,-1.0,1.37,46,50,4.1,False,False
zone_1590_1770071002,2025-12-27 04:15,2025-12-27 06:50,1766826900000,1766836200000,87495.2,87631.9,0.16,DOWN,LOSS,-1.0,1.66,46,32,2.6,False,False
zone_1823_1770071003,2025-11-29 11:50,2025-11-29 12:45,1764435000000,1764438300000,90551.1,90995.2,0.49,DOWN,LOSS,-1.0,1.08,46,12,0.9,False,False
zone_1306_1770071000,2025-11-25 15:30,2025-11-25 19:35,1764102600000,1764117300000,87000.0,87436.8,0.50,UP,LOSS,-1.0,1.75,46,50,4.1,False,False
zone_1262_1770071000,2025-11-08 19:35,2025-11-08 23:40,1762648500000,1762663200000,101663.8,102030.0,0.36,DOWN,LOSS,-1.0,0.58,46,50,4.1,False,False
zone_1322_1770071000,2025-11-30 23:10,2025-12-01 03:15,1764562200000,1764576900000,85650.0,86250.0,0.70,UP,LOSS,-1.0,1.06,46,50,4.1,False,False
zone_1309_1770071000,2025-11-26 22:30,2025-11-27 02:35,1764214200000,1764228900000,90969.6,91291.2,0.35,UP,LOSS,-1.0,1.90,45,50,4.1,False,False
zone_1533_1770071002,2026-01-15 15:20,2026-01-15 18:35,1768508400000,1768520100000,95071.8,95431.5,0.38,UP,LOSS,-1.0,1.08,45,40,3.2,False,False
zone_1384_1770071001,2025-12-20 15:00,2025-12-20 19:05,1766260800000,1766275500000,88161.1,88277.5,0.13,UP,LOSS,-1.0,1.00,45,50,4.1,False,False
zone_1471_1770071001,2026-01-14 04:30,2026-01-14 08:35,1768383000000,1768397700000,94928.8,95118.9,0.20,DOWN,LOSS,-1.0,0.41,45,50,4.1,False,False
zone_1274_1770071000,2025-11-12 04:15,2025-11-12 08:20,1762938900000,1762953600000,104370.2,105058.3,0.66,UP,LOSS,-1.0,0.13,45,50,4.1,False,False
zone_1426_1770071001,2026-01-01 06:45,2026-01-01 10:50,1767267900000,1767282600000,87881.9,88000.0,0.13,DOWN,LOSS,-1.0,0.39,44,50,4.1,False,False
zone_1787_1770071003,2026-01-07 04:35,2026-01-07 05:45,1767778500000,1767782700000,91533.4,91839.8,0.33,UP,LOSS,-1.0,1.37,44,15,1.2,False,False
zone_1442_1770071001,2026-01-06 02:10,2026-01-06 06:15,1767683400000,1767698100000,93131.5,93573.0,0.47,UP,LOSS,-1.0,1.88,44,50,4.1,False,False
zone_1388_1770071001,2025-12-21 19:45,2025-12-21 23:50,1766364300000,1766379000000,88473.1,89200.0,0.82,UP,LOSS,-1.0,1.91,44,50,4.1,False,False
zone_1550_1770071002,2025-12-13 15:55,2025-12-13 19:00,1765659300000,1765670400000,89712.7,90086.4,0.42,UP,LOSS,-1.0,0.95,43,38,3.1,False,False
zone_1826_1770071003,2025-12-15 11:35,2025-12-15 12:30,1765816500000,1765819800000,86000.0,86698.2,0.81,DOWN,LOSS,-1.0,1.32,43,12,0.9,False,False
zone_1735_1770071003,2026-01-15 05:05,2026-01-15 06:35,1768471500000,1768476900000,96691.8,96962.0,0.28,DOWN,LOSS,-1.0,5.89,43,19,1.5,True,True
zone_1295_1770071000,2025-11-20 02:15,2025-11-20 06:20,1763622900000,1763637600000,91810.5,92372.0,0.61,DOWN,LOSS,-1.0,10.26,43,50,4.1,True,True
zone_1577_1770071002,2026-01-29 04:50,2026-01-29 07:40,1769680200000,1769690400000,87780.6,87938.4,0.18,UP,LOSS,-1.0,1.29,43,35,2.8,False,False
zone_1612_1770071002,2025-11-24 12:50,2025-11-24 15:15,1764006600000,1764015300000,87821.7,88550.0,0.83,UP,LOSS,-1.0,0.85,43,30,2.4,False,False
zone_1469_1770071001,2026-01-13 17:35,2026-01-13 21:40,1768343700000,1768358400000,95092.8,96096.7,1.06,DOWN,LOSS,-1.0,0.58,42,50,4.1,False,False
zone_1773_1770071003,2026-01-26 13:50,2026-01-26 15:05,1769453400000,1769457900000,88069.6,88524.2,0.52,DOWN,LOSS,-1.0,1.28,42,16,1.2,False,False
zone_1817_1770071003,2026-01-24 10:10,2026-01-24 11:10,1769267400000,1769271000000,89291.1,89426.1,0.15,DOWN,LOSS,-1.0,1.32,42,13,1.0,False,False
zone_1591_1770071002,2026-01-08 05:55,2026-01-08 08:30,1767869700000,1767879000000,90026.4,90444.0,0.46,DOWN,LOSS,-1.0,1.83,42,32,2.6,False,False
zone_1347_1770071001,2025-12-09 15:20,2025-12-09 19:25,1765311600000,1765326300000,92715.0,93346.7,0.68,DOWN,LOSS,-1.0,1.26,42,50,4.1,False,False
zone_1617_1770071002,2026-01-16 10:30,2026-01-16 12:55,1768577400000,1768586100000,94241.3,94823.4,0.62,UP,LOSS,-1.0,1.26,41,30,2.4,False,False
zone_1737_1770071003,2025-11-05 12:00,2025-11-05 13:25,1762362000000,1762367100000,103320.0,103960.4,0.62,UP,LOSS,-1.0,0.84,41,18,1.4,False,False
zone_1632_1770071002,2025-11-29 08:00,2025-11-29 10:15,1764421200000,1764429300000,90540.8,90762.5,0.24,UP,LOSS,-1.0,1.65,41,28,2.2,False,False
zone_1661_1770071002,2025-12-13 08:05,2025-12-13 10:05,1765631100000,1765638300000,90158.7,90426.0,0.30,DOWN,LOSS,-1.0,1.67,41,25,2.0,False,False
zone_1487_1770071001,2026-01-18 19:20,2026-01-18 23:25,1768782000000,1768796700000,92188.6,92993.0,0.87,DOWN,LOSS,-1.0,-0.19,41,50,4.1,False,False
zone_1475_1770071001,2026-01-15 18:40,2026-01-15 22:45,1768520400000,1768535100000,95451.2,95732.5,0.29,DOWN,LOSS,-1.0,1.34,41,50,4.1,False,False
zone_1461_1770071001,2026-01-11 07:40,2026-01-11 11:45,1768135200000,1768149900000,90806.3,90986.1,0.20,UP,LOSS,-1.0,4.35,41,50,4.1,True,True
zone_1516_1770071002,2026-01-27 19:40,2026-01-27 23:45,1769560800000,1769575500000,89132.2,89455.6,0.36,DOWN,LOSS,-1.0,1.03,41,50,4.1,False,False
zone_1695_1770071003,2025-12-29 04:40,2025-12-29 06:25,1767001200000,1767007500000,87715.4,88572.7,0.98,DOWN,LOSS,-1.0,1.12,41,22,1.8,False,False
zone_1515_1770071001,2026-01-27 15:30,2026-01-27 19:35,1769545800000,1769560500000,88774.7,89499.8,0.82,UP,LOSS,-1.0,-0.05,40,50,4.1,False,False
zone_1395_1770071001,2025-12-24 05:40,2025-12-24 09:45,1766572800000,1766587500000,87018.0,87287.3,0.31,DOWN,LOSS,-1.0,1.80,40,50,4.1,False,False
zone_1414_1770071001,2025-12-29 06:30,2025-12-29 10:35,1767007800000,1767022500000,86993.1,87700.0,0.81,UP,LOSS,-1.0,0.37,40,50,4.1,False,False
zone_1385_1770071001,2025-12-20 20:35,2025-12-21 00:40,1766280900000,1766295600000,87953.6,88187.4,0.27,DOWN,LOSS,-1.0,1.80,40,50,4.1,False,False
zone_1345_1770071001,2025-12-08 20:10,2025-12-09 00:15,1765242600000,1765257300000,89946.1,90533.5,0.65,DOWN,LOSS,-1.0,0.38,40,50,4.1,False,False
zone_1581_1770071002,2025-12-31 03:10,2025-12-31 05:55,1767168600000,1767178500000,88350.2,88701.4,0.40,UP,LOSS,-1.0,1.40,39,34,2.8,False,False
zone_1564_1770071002,2025-11-22 13:10,2025-11-22 16:05,1763835000000,1763845500000,84434.4,84655.1,0.26,DOWN,LOSS,-1.0,1.14,39,36,2.9,False,False
zone_1315_1770071000,2025-11-28 22:15,2025-11-29 02:20,1764386100000,1764400800000,90605.0,90809.7,0.23,DOWN,LOSS,-1.0,1.37,39,50,4.1,False,False
zone_1796_1770071003,2025-12-31 06:30,2025-12-31 07:35,1767180600000,1767184500000,88873.8,89059.8,0.21,DOWN,LOSS,-1.0,9.12,39,14,1.1,True,True
zone_1379_1770071001,2025-12-19 05:50,2025-12-19 09:55,1766141400000,1766156100000,88100.0,88355.3,0.29,DOWN,LOSS,-1.0,5.43,39,50,4.1,True,True
zone_1485_1770071001,2026-01-18 08:20,2026-01-18 12:25,1768742400000,1768757100000,94840.9,95160.0,0.34,UP,LOSS,-1.0,1.04,39,50,4.1,False,False
zone_1696_1770071003,2025-12-31 09:55,2025-12-31 11:40,1767192900000,1767199200000,87730.5,88500.0,0.88,DOWN,LOSS,-1.0,0.72,38,22,1.8,False,False
zone_1615_1770071002,2026-01-01 16:55,2026-01-01 19:20,1767304500000,1767313200000,88343.3,88580.0,0.27,UP,LOSS,-1.0,2.41,38,30,2.4,True,False
zone_1357_1770071001,2025-12-12 16:40,2025-12-12 20:45,1765575600000,1765590300000,90143.0,90381.8,0.26,DOWN,LOSS,-1.0,0.20,38,50,4.1,False,False
zone_1777_1770071003,2025-11-19 19:20,2025-11-19 20:30,1763598000000,1763602200000,91615.8,92286.2,0.73,UP,LOSS,-1.0,1.29,38,15,1.2,False,False
zone_1327_1770071001,2025-12-03 02:15,2025-12-03 06:20,1764746100000,1764760800000,92826.9,93159.2,0.36,DOWN,LOSS,-1.0,3.58,37,50,4.1,True,True
zone_1493_1770071001,2026-01-20 01:55,2026-01-20 06:00,1768892100000,1768906800000,90751.6,91112.6,0.40,UP,LOSS,-1.0,0.84,37,50,4.1,False,False
zone_1520_1770071002,2026-01-28 21:45,2026-01-29 01:50,1769654700000,1769669400000,87650.0,88229.0,0.66,UP,LOSS,-1.0,0.40,37,50,4.1,False,False
zone_1433_1770071001,2026-01-03 23:55,2026-01-04 04:00,1767502500000,1767517200000,91287.1,91435.3,0.16,DOWN,LOSS,-1.0,2.16,37,50,4.1,True,False
zone_1667_1770071002,2026-02-01 02:30,2026-02-01 04:30,1769931000000,1769938200000,78136.1,78693.1,0.71,UP,LOSS,-1.0,0.89,37,25,2.0,False,False
zone_1310_1770071000,2025-11-27 11:20,2025-11-27 15:25,1764260400000,1764275100000,91046.4,91517.1,0.52,UP,LOSS,-1.0,0.35,37,50,4.1,False,False
zone_1507_1770071001,2026-01-25 03:25,2026-01-25 07:30,1769329500000,1769344200000,88100.0,88686.5,0.67,UP,LOSS,-1.0,0.43,37,50,4.1,False,False
zone_1287_1770071000,2025-11-16 20:00,2025-11-17 00:05,1763341200000,1763355900000,94831.6,95466.4,0.67,DOWN,LOSS,-1.0,0.57,36,50,4.1,False,False
zone_1451_1770071001,2026-01-08 20:15,2026-01-09 00:20,1767921300000,1767936000000,90795.0,91597.3,0.88,DOWN,LOSS,-1.0,1.43,36,50,4.1,False,False
zone_1381_1770071001,2025-12-19 23:05,2025-12-20 03:10,1766203500000,1766218200000,88073.8,88268.3,0.22,UP,LOSS,-1.0,0.66,36,50,4.1,False,False
zone_1352_1770071001,2025-12-11 08:00,2025-12-11 12:05,1765458000000,1765472700000,89825.3,90096.1,0.30,DOWN,LOSS,-1.0,0.55,36,50,4.1,False,False
zone_1650_1770071002,2025-11-05 20:20,2025-11-05 22:25,1762392000000,1762399500000,102662.8,103521.2,0.84,UP,LOSS,-1.0,0.75,36,26,2.1,False,False
zone_1318_1770071000,2025-11-29 18:00,2025-11-29 22:05,1764457200000,1764471900000,90649.0,90864.6,0.24,DOWN,LOSS,-1.0,1.11,36,50,4.1,False,False
zone_1859_1770071003,2026-01-30 20:55,2026-01-30 21:40,1769824500000,1769827200000,83778.4,84013.0,0.28,UP,LOSS,-1.0,0.83,35,10,0.8,False,False
zone_1623_1770071002,2025-11-24 18:40,2025-11-24 21:00,1764027600000,1764036000000,87871.0,88396.6,0.60,DOWN,LOSS,-1.0,2.35,35,29,2.3,True,False
zone_1497_1770071001,2026-01-21 15:15,2026-01-21 19:20,1769026500000,1769041200000,89415.2,90200.0,0.88,DOWN,LOSS,-1.0,-0.30,35,50,4.1,False,False
zone_1266_1770071000,2025-11-09 23:50,2025-11-10 03:55,1762750200000,1762764900000,105988.8,106438.1,0.42,DOWN,LOSS,-1.0,3.09,35,50,4.1,True,True
zone_1556_1770071002,2026-01-17 06:55,2026-01-17 09:55,1768650900000,1768661700000,95180.6,95366.7,0.20,UP,LOSS,-1.0,1.54,35,37,3.0,False,False
zone_1679_1770071002,2026-01-14 20:20,2026-01-14 22:15,1768440000000,1768446900000,96260.0,96683.5,0.44,DOWN,LOSS,-1.0,1.29,35,24,1.9,False,False
zone_1593_1770071002,2025-11-22 23:00,2025-11-23 01:30,1763870400000,1763879400000,86105.1,86850.0,0.87,DOWN,LOSS,-1.0,0.98,34,31,2.5,False,False
zone_1330_1770071001,2025-12-04 11:45,2025-12-04 15:50,1764866700000,1764881400000,92001.0,92684.3,0.74,UP,LOSS,-1.0,-0.00,34,50,4.1,False,False
zone_1651_1770071002,2025-11-25 23:45,2025-11-26 01:50,1764132300000,1764139800000,87128.8,87644.0,0.59,UP,LOSS,-1.0,0.58,34,26,2.1,False,False
zone_1758_1770071003,2025-11-25 04:35,2025-11-25 05:50,1764063300000,1764067800000,86734.5,87194.7,0.53,UP,LOSS,-1.0,2.02,34,16,1.2,True,False
zone_1382_1770071001,2025-12-20 06:25,2025-12-20 10:30,1766229900000,1766244600000,88174.2,88265.0,0.10,DOWN,LOSS,-1.0,1.54,34,50,4.1,False,False
zone_1351_1770071001,2025-12-11 01:35,2025-12-11 05:40,1765434900000,1765449600000,90121.1,90402.0,0.31,DOWN,LOSS,-1.0,3.28,33,50,4.1,True,True
zone_1396_1770071001,2025-12-24 12:00,2025-12-24 16:05,1766595600000,1766610300000,87238.6,87557.0,0.36,UP,LOSS,-1.0,1.49,33,50,4.1,False,False
zone_1389_1770071001,2025-12-22 03:30,2025-12-22 07:35,1766392200000,1766406900000,89168.5,89886.2,0.80,UP,LOSS,-1.0,0.76,33,50,4.1,False,False
zone_1353_1770071001,2025-12-11 17:50,2025-12-11 21:55,1765493400000,1765508100000,92111.9,92641.7,0.58,UP,LOSS,-1.0,0.16,33,50,4.1,False,False
zone_1261_1770071000,2025-11-08 10:50,2025-11-08 14:55,1762617000000,1762631700000,101462.0,101917.0,0.45,UP,LOSS,-1.0,1.15,33,50,4.1,False,False
zone_1511_1770071001,2026-01-26 04:45,2026-01-26 08:50,1769420700000,1769435400000,87555.0,87874.0,0.36,UP,LOSS,-1.0,3.04,33,50,4.1,True,True
zone_1376_1770071001,2025-12-17 21:15,2025-12-18 01:20,1766024100000,1766038800000,86247.7,86846.5,0.69,DOWN,LOSS,-1.0,-0.20,33,50,4.1,False,False
zone_1260_1770071000,2025-11-08 06:40,2025-11-08 10:45,1762602000000,1762616700000,101668.0,102070.1,0.40,DOWN,LOSS,-1.0,0.57,33,50,4.1,False,False
zone_1604_1770071002,2026-01-15 22:50,2026-01-16 01:20,1768535400000,1768544400000,95268.5,95552.4,0.30,UP,LOSS,-1.0,0.94,32,31,2.5,False,False
zone_1341_1770071001,2025-12-07 20:30,2025-12-08 00:35,1765157400000,1765172100000,90751.4,91666.2,1.01,UP,LOSS,-1.0,0.65,32,50,4.1,False,False
zone_1434_1770071001,2026-01-04 07:35,2026-01-04 11:40,1767530100000,1767544800000,91035.0,91204.4,0.19,UP,LOSS,-1.0,7.47,32,50,4.1,True,True
zone_1643_1770071002,2025-12-02 21:45,2025-12-02 23:55,1764729900000,1764737700000,92229.6,93040.2,0.88,UP,LOSS,-1.0,1.10,32,27,2.2,False,False
zone_1457_1770071001,2026-01-10 09:00,2026-01-10 13:05,1768053600000,1768068300000,90490.2,90631.7,0.16,DOWN,LOSS,-1.0,1.11,32,50,4.1,False,False
zone_1580_1770071002,2025-12-12 20:50,2025-12-12 23:35,1765590600000,1765600500000,90094.6,90269.5,0.19,UP,LOSS,-1.0,1.83,32,34,2.8,False,False
zone_1798_1770071003,2026-01-08 14:55,2026-01-08 16:00,1767902100000,1767906000000,90512.1,90980.6,0.52,UP,LOSS,-1.0,1.32,30,14,1.1,False,False
zone_1502_1770071001,2026-01-23 03:20,2026-01-23 07:25,1769156400000,1769171100000,89077.2,89479.9,0.45,DOWN,LOSS,-1.0,1.43,30,50,4.1,False,False
zone_1786_1770071003,2026-01-01 22:30,2026-01-01 23:40,1767324600000,1767328800000,88786.0,89100.0,0.35,DOWN,LOSS,-1.0,0.81,30,15,1.2,False,False
zone_1499_1770071001,2026-01-21 23:45,2026-01-22 03:50,1769057100000,1769071800000,89925.0,90041.1,0.13,DOWN,LOSS,-1.0,12.60,30,50,4.1,True,True
zone_1799_1770071003,2026-01-11 20:40,2026-01-11 21:45,1768182000000,1768185900000,91191.7,91926.8,0.81,UP,LOSS,-1.0,0.78,30,14,1.1,False,False
zone_1582_1770071002,2026-01-22 17:15,2026-01-22 20:00,1769120100000,1769130000000,89128.3,89494.8,0.41,UP,LOSS,-1.0,1.55,30,34,2.8,False,False
zone_1560_1770071002,2026-01-29 14:15,2026-01-29 17:15,1769714100000,1769724900000,83500.0,84321.6,0.98,UP,LOSS,-1.0,0.46,29,37,3.0,False,False
zone_1634_1770071002,2025-12-09 02:20,2025-12-09 04:35,1765264800000,1765272900000,90202.2,90499.6,0.33,DOWN,LOSS,-1.0,1.23,27,28,2.2,False,False
zone_1254_1770071000,2025-11-05 15:30,2025-11-05 19:35,1762374600000,1762389300000,103557.3,104005.6,0.43,DOWN,LOSS,-1.0,2.00,27,50,4.1,False,False
zone_1344_1770071001,2025-12-08 15:55,2025-12-08 20:00,1765227300000,1765242000000,90603.0,91218.2,0.68,DOWN,LOSS,-1.0,1.94,27,50,4.1,False,False
zone_1441_1770071001,2026-01-05 19:35,2026-01-05 23:40,1767659700000,1767674400000,93500.6,93927.1,0.46,UP,LOSS,-1.0,0.08,26,50,4.1,False,False
zone_1429_1770071001,2026-01-02 13:35,2026-01-02 17:40,1767378900000,1767393600000,89502.5,90159.5,0.73,UP,LOSS,-1.0,0.44,26,50,4.1,False,False
zone_1321_1770071000,2025-11-30 09:20,2025-11-30 13:25,1764512400000,1764527100000,91200.3,91546.3,0.38,DOWN,LOSS,-1.0,13.73,25,50,4.1,True,True
