zone_num,start_date,end_date,min_price,max_price,price_range_pct,breakout_direction,trade_result,trade_pnl_r,r_multiple,trading_score,candles_in_zone,duration_hours
1,2025-11-05 15:40,2025-11-05 19:45,103557.30,103969.20,0.40,DOWN,WIN,2.0,2.17,100,50,4.1
2,2026-01-04 15:30,2026-01-04 19:35,91202.90,91339.50,0.15,UP,WIN,2.0,15.05,100,50,4.1
3,2026-01-13 06:05,2026-01-13 10:10,91991.20,92230.60,0.26,UP,WIN,2.0,18.48,100,50,4.1
4,2025-12-29 01:35,2025-12-29 04:20,89444.50,89932.30,0.55,DOWN,WIN,2.0,5.52,100,34,2.8
5,2025-12-02 06:40,2025-12-02 09:00,87261.40,87662.40,0.46,UP,WIN,2.0,11.56,100,29,2.3
6,2025-11-14 04:50,2025-11-14 06:25,96681.70,97080.20,0.41,DOWN,WIN,2.0,5.47,100,20,1.6
7,2026-01-12 08:35,2026-01-12 10:10,90515.50,90745.10,0.25,UP,WIN,2.0,6.77,100,20,1.6
8,2025-12-26 08:35,2025-12-26 09:35,88786.40,89069.00,0.32,DOWN,WIN,2.0,7.67,100,13,1.0
9,2026-01-03 15:50,2026-01-03 18:10,90280.00,90489.00,0.23,UP,WIN,2.0,6.16,100,29,2.3
10,2025-12-13 14:25,2025-12-13 15:50,90088.00,90197.20,0.12,DOWN,WIN,2.0,3.44,98,18,1.4
11,2025-11-09 15:25,2025-11-09 19:30,104412.20,104650.00,0.23,UP,WIN,2.0,8.35,97,50,4.1
12,2025-11-07 02:15,2025-11-07 03:40,101580.90,101981.50,0.39,DOWN,WIN,2.0,5.94,96,18,1.4
13,2025-12-12 06:05,2025-12-12 10:10,92236.60,92441.90,0.22,DOWN,WIN,2.0,13.74,96,50,4.1
14,2025-11-09 06:00,2025-11-09 08:20,101834.80,102310.50,0.47,UP,WIN,2.0,5.79,95,29,2.3
15,2026-01-07 20:15,2026-01-07 21:20,91261.90,91641.40,0.42,DOWN,WIN,2.0,4.41,94,14,1.1
16,2025-11-12 00:20,2025-11-12 03:15,103222.00,103425.40,0.20,UP,WIN,2.0,9.30,94,36,2.9
17,2026-01-01 05:25,2026-01-01 06:40,87750.80,87833.30,0.09,UP,WIN,2.0,8.07,94,16,1.2
18,2025-11-28 08:05,2025-11-28 08:45,91319.20,91890.00,0.63,UP,WIN,2.0,2.09,94,9,0.7
19,2025-12-29 21:20,2025-12-30 01:25,86924.20,87287.00,0.42,UP,WIN,2.0,3.00,94,50,4.1
20,2025-11-08 05:50,2025-11-08 06:30,102386.70,102585.30,0.19,DOWN,WIN,2.0,4.92,94,9,0.7
21,2026-01-01 10:55,2026-01-01 12:15,87836.30,88010.00,0.20,UP,WIN,2.0,5.08,94,17,1.3
22,2025-11-12 21:20,2025-11-13 00:30,101930.10,102292.60,0.36,UP,WIN,2.0,4.80,94,39,3.2
23,2025-11-25 16:15,2025-11-25 20:20,87011.10,87358.80,0.40,UP,WIN,2.0,2.42,94,50,4.1
24,2025-11-19 21:00,2025-11-20 01:05,92360.00,92783.00,0.46,DOWN,WIN,2.0,4.71,91,50,4.1
25,2026-01-07 21:25,2026-01-08 01:30,90700.10,91214.60,0.57,DOWN,WIN,2.0,2.80,91,50,4.1
26,2025-12-18 23:15,2025-12-19 01:55,86909.20,87340.40,0.50,UP,WIN,2.0,4.73,90,33,2.7
27,2025-11-12 08:45,2025-11-12 09:45,104706.90,105147.60,0.42,DOWN,WIN,2.0,9.00,90,13,1.0
28,2025-11-11 05:15,2025-11-11 07:30,104956.90,105200.40,0.23,DOWN,WIN,2.0,9.38,90,28,2.2
29,2025-12-30 01:30,2025-12-30 03:00,87331.10,87481.10,0.17,UP,WIN,2.0,12.61,90,19,1.5
30,2025-12-14 05:45,2025-12-14 07:55,89425.00,89888.80,0.52,DOWN,WIN,2.0,2.48,89,27,2.2
31,2026-01-03 00:15,2026-01-03 02:10,89868.40,90046.50,0.20,DOWN,WIN,2.0,3.44,89,24,1.9
32,2025-12-21 00:55,2025-12-21 03:25,88058.20,88160.00,0.12,UP,WIN,2.0,8.71,89,31,2.5
33,2025-12-30 23:25,2025-12-31 02:20,88272.70,88440.20,0.19,UP,WIN,2.0,4.50,89,36,2.9
34,2026-01-11 03:25,2026-01-11 07:30,90632.60,90780.90,0.16,UP,WIN,2.0,3.19,89,50,4.1
35,2025-11-24 17:40,2025-11-24 18:35,88443.40,88800.70,0.40,DOWN,WIN,2.0,3.23,88,12,0.9
36,2025-12-20 19:10,2025-12-20 20:25,88260.00,88394.00,0.15,DOWN,WIN,2.0,3.34,88,16,1.2
37,2025-11-30 13:30,2025-11-30 16:00,91281.90,91442.00,0.18,DOWN,WIN,2.0,35.74,88,31,2.5
38,2025-12-30 16:55,2025-12-30 21:00,88197.30,88442.40,0.28,UP,WIN,2.0,1.88,87,50,4.1
39,2025-12-19 08:20,2025-12-19 12:25,87774.30,88170.20,0.45,DOWN,WIN,2.0,2.68,87,50,4.1
40,2026-01-12 02:35,2026-01-12 03:30,91300.00,91715.10,0.45,DOWN,WIN,2.0,2.97,87,12,0.9
41,2026-01-03 13:25,2026-01-03 15:30,90054.40,90150.00,0.11,UP,WIN,2.0,15.03,86,26,2.1
42,2026-01-05 23:45,2026-01-06 02:05,93618.70,93814.10,0.21,DOWN,WIN,2.0,2.89,86,29,2.3
43,2026-01-08 02:35,2026-01-08 04:15,90283.50,90581.20,0.33,DOWN,WIN,2.0,3.43,86,21,1.7
44,2025-12-22 12:00,2025-12-22 14:00,89023.30,89540.30,0.58,DOWN,WIN,2.0,2.47,86,25,2.0
45,2026-01-03 18:15,2026-01-03 19:00,90500.00,90669.00,0.19,UP,WIN,2.0,6.55,86,10,0.8
46,2025-12-28 07:40,2025-12-28 11:45,87766.00,87923.80,0.18,DOWN,WIN,2.0,2.54,86,50,4.1
47,2025-11-25 02:35,2025-11-25 03:45,87288.40,87757.50,0.54,DOWN,WIN,2.0,2.64,85,15,1.2
48,2026-01-06 17:05,2026-01-06 19:55,92905.10,93494.10,0.63,DOWN,WIN,2.0,1.49,85,35,2.8
49,2025-11-09 10:55,2025-11-09 13:45,103300.00,103818.90,0.50,UP,WIN,2.0,5.43,85,35,2.8
50,2025-12-11 18:05,2025-12-11 19:45,92291.40,92769.80,0.52,DOWN,WIN,2.0,1.88,85,21,1.7
51,2025-12-08 04:05,2025-12-08 08:10,91861.10,92261.90,0.44,DOWN,WIN,2.0,5.72,85,50,4.1
52,2025-11-25 00:15,2025-11-25 02:20,87879.70,88203.10,0.37,DOWN,WIN,2.0,5.66,85,26,2.1
53,2025-12-07 13:25,2025-12-07 16:15,91204.00,91726.20,0.57,DOWN,WIN,2.0,4.38,84,35,2.8
54,2026-01-06 21:35,2026-01-07 01:40,92644.40,93035.80,0.42,DOWN,WIN,2.0,3.40,84,50,4.1
55,2025-12-06 02:40,2025-12-06 06:45,89481.30,89670.00,0.21,UP,WIN,2.0,2.99,84,50,4.1
56,2025-12-04 04:00,2025-12-04 06:20,93186.00,93595.90,0.44,DOWN,WIN,2.0,5.82,84,29,2.3
57,2025-12-15 01:40,2025-12-15 05:45,89471.80,89888.90,0.47,DOWN,WIN,2.0,10.53,84,50,4.1
58,2025-12-18 17:20,2025-12-18 21:25,85230.80,85685.00,0.53,UP,WIN,2.0,5.89,84,50,4.1
59,2025-11-15 14:25,2025-11-15 15:10,95871.50,96034.80,0.17,DOWN,WIN,2.0,6.80,84,10,0.8
60,2025-11-17 17:20,2025-11-17 21:25,91870.50,92370.00,0.54,DOWN,WIN,2.0,5.26,84,50,4.1
61,2025-12-05 19:30,2025-12-05 22:00,89109.80,89408.10,0.33,UP,WIN,2.0,1.14,84,31,2.5
62,2025-12-27 21:40,2025-12-27 23:40,87739.00,87819.90,0.09,DOWN,WIN,2.0,2.18,84,25,2.0
63,2025-12-13 23:45,2025-12-14 03:50,90002.80,90183.60,0.20,DOWN,WIN,2.0,8.70,84,50,4.1
64,2026-01-10 15:35,2026-01-10 19:40,90434.50,90549.80,0.13,UP,WIN,2.0,2.50,84,50,4.1
65,2025-12-25 08:35,2025-12-25 10:10,87426.20,87692.00,0.30,UP,WIN,2.0,3.29,83,20,1.6
66,2026-01-03 08:20,2026-01-03 12:25,89903.30,90027.20,0.14,UP,WIN,2.0,12.58,83,50,4.1
67,2025-12-02 13:55,2025-12-02 15:10,91706.40,92186.10,0.52,DOWN,WIN,2.0,2.15,82,16,1.2
68,2026-01-06 15:05,2026-01-06 16:10,92276.40,92666.70,0.42,UP,WIN,2.0,3.01,82,14,1.1
69,2025-11-26 05:35,2025-11-26 09:40,86615.00,86960.00,0.40,UP,WIN,2.0,10.70,82,50,4.1
70,2026-01-05 13:50,2026-01-05 17:55,94075.80,94482.40,0.43,DOWN,WIN,2.0,1.49,81,50,4.1
71,2025-12-30 07:15,2025-12-30 09:45,87901.90,88064.80,0.19,UP,WIN,2.0,8.03,81,31,2.5
72,2026-01-08 04:20,2026-01-08 08:25,89891.40,90188.80,0.33,DOWN,WIN,2.0,2.12,81,50,4.1
73,2025-12-07 19:20,2025-12-07 20:15,89814.10,90568.50,0.84,UP,WIN,2.0,2.24,81,12,0.9
74,2025-11-25 07:25,2025-11-25 08:35,87339.50,87737.30,0.46,DOWN,WIN,2.0,3.24,81,15,1.2
75,2025-11-27 16:25,2025-11-27 19:35,91323.30,91551.20,0.25,DOWN,WIN,2.0,3.16,81,39,3.2
76,2025-12-23 13:25,2025-12-23 17:30,87705.60,88139.60,0.49,DOWN,WIN,2.0,2.24,81,50,4.1
77,2025-12-21 09:10,2025-12-21 11:15,87731.70,88035.00,0.35,UP,WIN,2.0,5.18,81,26,2.1
78,2026-01-12 23:00,2026-01-13 00:15,91325.00,91689.80,0.40,UP,WIN,2.0,2.66,81,16,1.2
79,2025-11-28 03:55,2025-11-28 08:00,91335.80,91833.90,0.55,UP,WIN,2.0,2.50,81,50,4.1
80,2025-12-14 08:00,2025-12-14 12:05,89034.40,89376.30,0.38,DOWN,WIN,2.0,4.42,80,50,4.1
81,2025-11-22 04:30,2025-11-22 08:35,83806.00,84227.00,0.50,UP,WIN,2.0,1.57,80,50,4.1
82,2025-12-06 09:15,2025-12-06 13:20,89678.80,90234.60,0.62,DOWN,WIN,2.0,1.47,80,50,4.1
83,2025-12-18 03:20,2025-12-18 04:35,86766.00,87119.30,0.41,UP,WIN,2.0,6.69,80,16,1.2
84,2026-01-09 03:50,2026-01-09 07:55,89650.10,90442.60,0.88,UP,WIN,2.0,1.97,80,50,4.1
85,2026-01-07 04:15,2026-01-07 08:20,91533.40,92312.40,0.85,DOWN,WIN,2.0,1.17,80,50,4.1
86,2026-01-11 14:25,2026-01-11 18:30,90547.50,90867.00,0.35,UP,WIN,2.0,5.11,80,50,4.1
87,2025-12-29 07:10,2025-12-29 10:10,86753.00,87388.00,0.73,UP,WIN,2.0,0.90,80,37,3.0
88,2025-12-01 03:30,2025-12-01 06:25,86451.20,86888.00,0.51,DOWN,WIN,2.0,6.17,80,36,2.9
89,2025-12-03 20:05,2025-12-04 00:10,93143.00,93717.30,0.62,DOWN,WIN,2.0,1.31,80,50,4.1
90,2026-01-01 21:05,2026-01-01 22:05,88325.90,88572.90,0.28,UP,WIN,2.0,5.56,80,13,1.0
91,2026-01-04 23:25,2026-01-05 03:30,92301.90,92641.50,0.37,UP,WIN,2.0,5.33,80,50,4.1
92,2025-12-05 03:05,2025-12-05 04:10,91850.00,92126.70,0.30,DOWN,WIN,2.0,13.91,80,14,1.1
93,2025-12-16 04:55,2025-12-16 05:35,86222.80,86469.40,0.29,UP,WIN,2.0,6.81,80,9,0.7
94,2025-12-22 19:50,2025-12-22 21:35,88528.30,88863.70,0.38,DOWN,WIN,2.0,4.59,80,22,1.8
95,2025-12-10 18:30,2025-12-10 19:15,91900.00,92146.70,0.27,DOWN,WIN,2.0,10.39,80,10,0.8
96,2025-11-27 20:05,2025-11-27 23:05,90753.70,91149.80,0.44,UP,WIN,2.0,2.09,80,37,3.0
97,2025-12-21 03:45,2025-12-21 07:50,88408.00,88776.30,0.42,DOWN,WIN,2.0,2.37,80,50,4.1
98,2026-01-09 00:30,2026-01-09 02:55,90872.40,91082.10,0.23,DOWN,WIN,2.0,5.83,79,30,2.4
99,2025-12-12 01:55,2025-12-12 06:00,92327.50,92539.30,0.23,DOWN,WIN,2.0,13.74,79,50,4.1
100,2025-11-16 04:55,2025-11-16 06:05,96323.30,96594.90,0.28,DOWN,WIN,2.0,9.84,79,15,1.2
101,2025-12-24 03:50,2025-12-24 05:05,86701.60,86848.00,0.17,UP,WIN,2.0,5.56,79,16,1.2
102,2026-01-02 04:00,2026-01-02 04:50,89080.10,89300.00,0.25,UP,WIN,2.0,7.54,79,11,0.8
103,2025-11-05 22:30,2025-11-06 00:25,103521.40,103747.80,0.22,DOWN,WIN,2.0,5.17,79,24,1.9
104,2025-12-25 01:55,2025-12-25 03:15,87737.10,87810.30,0.08,DOWN,WIN,2.0,7.29,79,17,1.3
105,2025-11-29 03:10,2025-11-29 07:15,90510.00,90691.00,0.20,UP,WIN,2.0,2.42,79,50,4.1
106,2025-12-11 04:20,2025-12-11 08:25,90090.10,90519.00,0.48,DOWN,WIN,2.0,2.08,79,50,4.1
107,2025-12-26 07:10,2025-12-26 08:30,88570.10,88725.90,0.18,UP,WIN,2.0,2.20,79,17,1.3
108,2025-12-13 03:15,2025-12-13 07:20,90312.30,90534.60,0.25,DOWN,WIN,2.0,1.93,79,50,4.1
109,2025-12-07 06:30,2025-12-07 09:00,89073.00,89216.30,0.16,DOWN,WIN,2.0,9.72,79,31,2.5
110,2025-12-15 05:50,2025-12-15 06:35,89729.20,89867.40,0.15,DOWN,WIN,2.0,33.64,79,10,0.8
111,2025-11-06 18:20,2025-11-06 22:25,101060.80,101492.90,0.43,UP,WIN,2.0,2.32,79,50,4.1
112,2025-12-18 01:25,2025-12-18 03:15,86370.00,86730.00,0.42,UP,WIN,2.0,7.65,79,23,1.8
113,2026-01-01 12:30,2026-01-01 16:35,88156.40,88499.00,0.39,UP,WIN,2.0,1.75,79,50,4.1
114,2025-12-06 06:50,2025-12-06 09:10,89500.20,89639.70,0.16,UP,WIN,2.0,4.26,79,29,2.3
115,2025-12-31 17:55,2025-12-31 19:40,87573.40,87695.50,0.14,UP,WIN,2.0,2.94,79,22,1.8
116,2025-12-31 23:20,2026-01-01 03:25,87517.70,87670.80,0.17,UP,WIN,2.0,2.79,79,50,4.1
117,2026-01-03 06:25,2026-01-03 07:40,89638.30,89744.00,0.12,UP,WIN,2.0,5.69,79,16,1.2
118,2025-12-28 00:55,2025-12-28 03:00,87583.90,87705.10,0.14,UP,WIN,2.0,2.96,79,26,2.1
119,2025-12-03 06:25,2025-12-03 10:30,92791.30,93080.50,0.31,DOWN,WIN,2.0,3.69,79,50,4.1
120,2025-11-08 17:25,2025-11-08 19:10,102160.80,102371.90,0.21,DOWN,WIN,2.0,4.37,79,22,1.8
121,2026-01-02 19:00,2026-01-02 20:30,89908.10,90086.30,0.20,UP,WIN,2.0,2.03,79,19,1.5
122,2025-11-29 22:30,2025-11-30 02:35,90631.90,90940.00,0.34,UP,WIN,2.0,3.32,78,50,4.1
123,2025-11-11 08:45,2025-11-11 10:15,104199.00,104531.60,0.32,DOWN,WIN,2.0,5.35,78,19,1.5
124,2025-12-13 19:25,2025-12-13 23:30,90152.70,90440.70,0.32,DOWN,WIN,2.0,5.26,78,50,4.1
125,2025-12-08 08:30,2025-12-08 09:55,91227.50,91704.70,0.52,DOWN,WIN,2.0,3.48,78,18,1.4
126,2025-12-31 05:45,2025-12-31 09:50,88692.20,88918.20,0.25,DOWN,WIN,2.0,6.70,78,50,4.1
127,2026-01-13 13:05,2026-01-13 14:25,93321.50,93740.10,0.45,UP,WIN,2.0,6.96,77,17,1.3
128,2025-12-25 03:20,2025-12-25 07:25,87291.40,87634.80,0.39,UP,WIN,2.0,2.71,77,50,4.1
129,2025-12-06 22:35,2025-12-07 00:00,89525.90,89750.00,0.25,DOWN,WIN,2.0,4.18,77,18,1.4
130,2025-12-02 04:40,2025-12-02 06:10,86583.40,86944.00,0.42,UP,WIN,2.0,14.55,77,19,1.5
131,2025-11-11 11:50,2025-11-11 14:55,103222.00,103598.30,0.36,DOWN,WIN,2.0,2.13,77,38,3.1
132,2025-12-17 06:40,2025-12-17 08:40,86814.10,87180.80,0.42,UP,WIN,2.0,8.62,77,25,2.0
133,2026-01-12 21:15,2026-01-12 22:55,91056.90,91278.30,0.24,UP,WIN,2.0,6.24,77,21,1.7
134,2025-11-27 06:25,2025-11-27 07:35,91259.50,91455.60,0.21,DOWN,WIN,2.0,4.33,76,15,1.2
135,2025-12-21 22:25,2025-12-22 01:40,88568.50,88817.70,0.28,UP,WIN,2.0,7.11,76,40,3.2
136,2025-11-23 01:15,2025-11-23 05:20,85819.30,86273.00,0.53,UP,WIN,2.0,3.00,76,50,4.1
137,2025-12-16 19:15,2025-12-16 22:25,87370.50,87600.00,0.26,DOWN,WIN,2.0,5.25,76,39,3.2
138,2025-12-28 18:45,2025-12-28 20:35,87752.80,88016.20,0.30,UP,WIN,2.0,9.13,75,23,1.8
139,2025-12-22 22:05,2025-12-23 00:55,87745.90,88315.10,0.65,DOWN,WIN,2.0,1.33,75,35,2.8
140,2026-01-05 18:00,2026-01-05 19:05,93811.10,94155.50,0.37,DOWN,WIN,2.0,2.20,75,14,1.1
141,2026-01-03 02:15,2026-01-03 06:20,89255.10,89729.30,0.53,UP,WIN,2.0,1.16,75,50,4.1
142,2025-11-22 02:20,2025-11-22 03:15,84368.00,84630.00,0.31,DOWN,WIN,2.0,3.48,75,12,0.9
143,2025-12-29 11:10,2025-12-29 15:15,87378.20,87801.80,0.48,DOWN,LOSS,-1.0,1.41,74,50,4.1
144,2025-12-16 22:35,2025-12-16 23:25,87100.00,87348.30,0.29,DOWN,WIN,2.0,3.76,74,11,0.8
145,2025-12-15 21:00,2025-12-16 01:05,85790.10,86185.70,0.46,UP,WIN,2.0,4.03,74,50,4.1
146,2025-12-16 02:30,2025-12-16 04:50,85794.00,86198.00,0.47,UP,WIN,2.0,4.83,74,29,2.3
147,2025-11-20 06:25,2025-11-20 09:35,91433.20,91970.00,0.59,DOWN,WIN,2.0,10.03,74,39,3.2
148,2026-01-06 07:40,2026-01-06 11:45,93693.20,93878.00,0.20,DOWN,WIN,2.0,13.40,73,50,4.1
149,2025-11-23 05:40,2025-11-23 07:00,85800.60,86292.30,0.57,UP,WIN,2.0,2.82,73,17,1.3
150,2025-11-12 03:20,2025-11-12 04:00,103449.20,104199.80,0.73,UP,LOSS,-1.0,1.49,73,9,0.7
151,2025-11-07 04:05,2025-11-07 05:45,100800.00,101448.00,0.64,DOWN,WIN,2.0,2.47,73,21,1.7
152,2025-12-05 04:35,2025-12-05 08:40,90864.30,91338.80,0.52,DOWN,WIN,2.0,6.03,73,50,4.1
153,2025-12-27 06:55,2025-12-27 11:00,87372.80,87467.40,0.11,UP,WIN,2.0,5.19,73,50,4.1
154,2025-11-11 15:50,2025-11-11 19:55,102614.70,103062.30,0.44,UP,WIN,2.0,4.46,73,50,4.1
155,2025-12-17 20:10,2025-12-17 21:10,85810.20,86150.00,0.40,UP,WIN,2.0,3.75,73,13,1.0
156,2025-12-28 14:55,2025-12-28 17:35,87385.20,87578.00,0.22,UP,WIN,2.0,14.75,72,33,2.7
157,2025-12-01 18:50,2025-12-01 22:55,86148.40,86546.10,0.46,UP,WIN,2.0,2.81,72,50,4.1
158,2026-01-02 00:35,2026-01-02 01:25,88587.40,88826.80,0.27,UP,WIN,2.0,4.68,72,11,0.8
159,2026-01-11 12:10,2026-01-11 14:20,90867.70,91120.10,0.28,DOWN,WIN,2.0,2.74,72,27,2.2
160,2026-01-08 08:30,2026-01-08 10:05,89662.20,90069.80,0.45,UP,WIN,2.0,3.44,72,20,1.6
161,2025-12-25 19:35,2025-12-25 20:40,86815.90,87309.30,0.57,UP,WIN,2.0,4.52,72,14,1.1
162,2025-12-23 06:20,2025-12-23 09:35,87646.50,87847.20,0.23,DOWN,WIN,2.0,5.50,72,40,3.2
163,2025-11-18 23:15,2025-11-18 23:55,91285.00,91809.00,0.57,DOWN,WIN,2.0,2.51,72,9,0.7
164,2025-11-28 18:05,2025-11-28 22:10,90869.00,91134.40,0.29,DOWN,WIN,2.0,2.28,72,50,4.1
165,2025-12-28 23:20,2025-12-29 01:30,89954.80,90422.00,0.52,DOWN,WIN,2.0,6.85,72,27,2.2
166,2025-11-11 20:10,2025-11-12 00:15,102954.70,103330.50,0.37,UP,WIN,2.0,5.29,72,50,4.1
167,2025-12-10 12:05,2025-12-10 14:40,92054.10,92478.90,0.46,UP,WIN,2.0,4.66,72,32,2.6
168,2025-12-07 11:15,2025-12-07 11:55,89067.60,89527.10,0.52,UP,WIN,2.0,4.79,71,9,0.7
169,2025-12-21 15:30,2025-12-21 17:30,88137.90,88293.30,0.18,UP,WIN,2.0,8.45,71,25,2.0
170,2025-12-16 05:45,2025-12-16 09:50,86772.00,87300.00,0.61,UP,LOSS,-1.0,1.61,71,50,4.1
171,2025-12-15 16:40,2025-12-15 20:45,85952.00,86267.30,0.37,DOWN,WIN,2.0,2.32,71,50,4.1
172,2026-01-07 02:20,2026-01-07 03:55,92722.10,92849.30,0.14,DOWN,WIN,2.0,14.15,71,20,1.6
173,2026-01-04 14:00,2026-01-04 15:10,90809.00,91165.70,0.39,UP,WIN,2.0,6.25,71,15,1.2
174,2025-12-31 02:25,2025-12-31 05:40,88446.90,88655.00,0.24,UP,WIN,2.0,2.59,70,40,3.2
175,2025-11-27 04:25,2025-11-27 06:20,91487.30,91902.70,0.45,DOWN,WIN,2.0,2.59,70,24,1.9
176,2025-11-09 05:00,2025-11-09 05:45,101450.00,101750.00,0.30,UP,WIN,2.0,9.66,70,10,0.8
177,2025-12-14 04:10,2025-12-14 05:30,89955.80,90097.70,0.16,DOWN,WIN,2.0,10.76,70,17,1.3
178,2025-12-11 08:30,2025-12-11 12:35,89825.30,90144.70,0.36,UP,WIN,2.0,10.65,70,50,4.1
179,2026-01-06 13:45,2026-01-06 15:00,91864.00,92217.50,0.38,UP,WIN,2.0,4.59,70,16,1.2
180,2025-12-09 07:20,2025-12-09 10:25,90445.80,90688.50,0.27,UP,WIN,2.0,15.91,70,38,3.1
181,2025-11-30 16:10,2025-11-30 18:25,90834.20,91213.00,0.42,DOWN,WIN,2.0,13.92,70,28,2.2
182,2026-01-02 21:00,2026-01-03 00:10,90087.00,90281.50,0.22,DOWN,WIN,2.0,4.28,70,39,3.2
183,2025-11-26 01:55,2025-11-26 03:10,87650.20,87849.90,0.23,DOWN,WIN,2.0,7.00,69,16,1.2
184,2025-11-10 23:15,2025-11-11 00:00,105643.00,106234.00,0.56,DOWN,WIN,2.0,2.32,69,10,0.8
185,2025-11-22 18:20,2025-11-22 20:00,84617.40,85003.40,0.46,UP,WIN,2.0,4.78,69,21,1.7
186,2025-12-24 21:45,2025-12-25 01:50,87740.00,87943.60,0.23,DOWN,WIN,2.0,2.64,69,50,4.1
187,2025-12-13 10:10,2025-12-13 14:15,89993.00,90149.20,0.17,UP,LOSS,-1.0,1.87,69,50,4.1
188,2025-11-29 13:00,2025-11-29 13:40,90071.30,90509.80,0.49,UP,WIN,2.0,1.19,68,9,0.7
189,2025-12-14 16:40,2025-12-14 20:45,88300.00,88580.30,0.32,UP,WIN,2.0,5.01,68,50,4.1
190,2025-12-18 04:40,2025-12-18 08:45,87142.20,87398.40,0.29,UP,WIN,2.0,8.14,68,50,4.1
191,2025-12-31 12:10,2025-12-31 16:15,87441.90,87700.50,0.30,UP,WIN,2.0,1.37,67,50,4.1
192,2025-11-07 00:05,2025-11-07 01:30,102117.00,102494.80,0.37,DOWN,WIN,2.0,7.72,67,18,1.4
193,2025-11-07 22:45,2025-11-08 01:40,102450.30,102744.80,0.29,DOWN,WIN,2.0,3.54,67,36,2.9
194,2025-11-30 08:20,2025-11-30 09:15,91590.00,91963.70,0.41,DOWN,WIN,2.0,2.02,67,12,0.9
195,2025-12-25 10:45,2025-12-25 14:50,88128.90,88565.50,0.50,DOWN,WIN,2.0,3.01,67,50,4.1
196,2025-12-02 15:40,2025-12-02 16:35,90697.80,91245.60,0.60,UP,WIN,2.0,4.37,67,12,0.9
197,2025-11-07 21:00,2025-11-07 22:40,102867.10,103294.00,0.42,DOWN,WIN,2.0,2.80,67,21,1.7
198,2026-01-08 15:05,2026-01-08 15:50,90512.10,90800.00,0.32,UP,WIN,2.0,2.77,66,10,0.8
199,2025-12-22 07:20,2025-12-22 10:10,90024.70,90588.80,0.63,DOWN,WIN,2.0,3.85,66,35,2.8
200,2025-11-23 12:30,2025-11-23 14:00,86555.50,86915.00,0.42,UP,WIN,2.0,3.25,66,19,1.5
201,2025-12-13 07:30,2025-12-13 10:05,90247.80,90399.50,0.17,DOWN,WIN,2.0,3.53,66,32,2.6
202,2025-12-09 20:20,2025-12-09 23:00,91919.40,92344.20,0.46,UP,WIN,2.0,2.23,66,33,2.7
203,2025-11-23 15:20,2025-11-23 18:15,87372.00,87678.00,0.35,DOWN,WIN,2.0,4.82,65,36,2.9
204,2026-01-02 04:55,2026-01-02 09:00,89340.90,89946.00,0.68,DOWN,LOSS,-1.0,1.53,65,50,4.1
205,2025-12-10 17:45,2025-12-10 18:25,92183.80,92592.00,0.44,DOWN,WIN,2.0,6.98,65,9,0.7
206,2025-12-25 15:10,2025-12-25 18:20,87601.80,88105.80,0.58,DOWN,LOSS,-1.0,1.56,65,39,3.2
207,2025-12-16 12:20,2025-12-16 16:25,87051.00,87695.30,0.74,UP,LOSS,-1.0,0.37,65,50,4.1
208,2025-12-11 20:20,2025-12-12 00:25,91927.90,92279.00,0.38,UP,LOSS,-1.0,1.16,65,50,4.1
209,2025-11-09 00:50,2025-11-09 04:55,101758.10,101907.50,0.15,DOWN,WIN,2.0,2.06,64,50,4.1
210,2025-11-18 02:20,2025-11-18 03:00,89743.10,90519.00,0.86,UP,WIN,2.0,3.99,64,9,0.7
211,2025-11-15 15:50,2025-11-15 19:55,95038.10,95635.20,0.63,DOWN,LOSS,-1.0,0.46,64,50,4.1
212,2025-12-05 22:30,2025-12-06 02:35,89471.20,89699.00,0.25,DOWN,LOSS,-1.0,1.35,64,50,4.1
213,2025-12-08 15:45,2025-12-08 19:50,90524.20,90952.20,0.47,DOWN,WIN,2.0,2.61,64,50,4.1
214,2025-12-06 19:35,2025-12-06 22:30,89337.00,89517.70,0.20,UP,LOSS,-1.0,1.29,64,36,2.9
215,2026-01-10 23:15,2026-01-11 03:20,90654.10,90748.50,0.10,UP,LOSS,-1.0,5.36,64,50,4.1
216,2025-12-03 14:00,2025-12-03 15:05,92493.70,92803.50,0.33,UP,WIN,2.0,4.47,63,14,1.1
217,2026-01-05 11:20,2026-01-05 13:45,93529.10,94056.60,0.56,UP,LOSS,-1.0,1.31,63,30,2.4
218,2025-12-26 11:05,2025-12-26 15:10,86970.30,87345.70,0.43,UP,WIN,2.0,1.07,63,50,4.1
219,2025-11-24 15:45,2025-11-24 17:35,88809.20,89172.20,0.41,DOWN,WIN,2.0,3.88,63,23,1.8
220,2025-11-15 10:15,2025-11-15 14:20,96068.00,96395.50,0.34,DOWN,WIN,2.0,3.99,63,50,4.1
221,2025-12-14 12:30,2025-12-14 16:35,88604.70,88916.70,0.35,DOWN,WIN,2.0,3.47,63,50,4.1
222,2025-11-21 22:05,2025-11-22 02:10,84176.40,84571.50,0.47,DOWN,LOSS,-1.0,1.82,63,50,4.1
223,2025-11-15 21:30,2025-11-16 01:35,95546.90,95949.80,0.42,UP,LOSS,-1.0,1.60,62,50,4.1
224,2025-11-10 22:25,2025-11-10 23:10,106314.00,106942.90,0.59,DOWN,WIN,2.0,2.59,62,10,0.8
225,2025-12-10 04:05,2025-12-10 06:10,92396.50,92636.00,0.26,DOWN,WIN,2.0,3.81,62,26,2.1
226,2026-01-06 20:20,2026-01-06 21:30,92257.00,92610.70,0.38,UP,LOSS,-1.0,1.34,61,15,1.2
227,2025-11-24 06:20,2025-11-24 10:25,85938.10,86395.30,0.53,UP,LOSS,-1.0,6.07,61,50,4.1
228,2025-11-19 02:35,2025-11-19 06:40,91398.20,91975.20,0.63,DOWN,LOSS,-1.0,4.90,61,50,4.1
229,2025-11-06 04:05,2025-11-06 08:10,102823.20,103121.40,0.29,UP,LOSS,-1.0,1.66,61,50,4.1
230,2025-12-27 16:55,2025-12-27 21:00,87524.40,87919.20,0.45,UP,LOSS,-1.0,0.06,61,50,4.1
231,2025-12-04 00:40,2025-12-04 03:30,92740.90,93070.20,0.36,UP,LOSS,-1.0,1.60,61,35,2.8
232,2026-01-13 01:55,2026-01-13 06:00,91878.00,92248.00,0.40,UP,LOSS,-1.0,4.30,61,50,4.1
233,2025-12-19 03:55,2025-12-19 08:00,87853.30,88180.10,0.37,DOWN,LOSS,-1.0,3.49,60,50,4.1
234,2025-12-24 10:45,2025-12-24 11:55,86886.50,87181.80,0.34,UP,WIN,2.0,2.88,60,15,1.2
235,2026-01-04 21:05,2026-01-04 23:20,92691.10,93068.80,0.41,DOWN,LOSS,-1.0,1.54,60,28,2.2
236,2026-01-08 13:30,2026-01-08 14:55,90900.00,91262.70,0.40,DOWN,LOSS,-1.0,1.07,60,18,1.4
237,2025-11-10 13:05,2025-11-10 17:10,105639.20,106015.90,0.36,DOWN,LOSS,-1.0,2.10,60,50,4.1
238,2025-12-02 17:25,2025-12-02 18:30,91517.00,91960.00,0.48,DOWN,LOSS,-1.0,1.29,60,14,1.1
239,2025-11-30 03:25,2025-11-30 07:30,90880.90,91263.70,0.42,UP,LOSS,-1.0,1.83,60,50,4.1
240,2025-11-18 17:50,2025-11-18 19:00,92697.80,93219.90,0.56,DOWN,WIN,2.0,5.22,60,15,1.2
241,2025-12-01 23:00,2025-12-02 03:05,86899.90,87237.60,0.39,DOWN,LOSS,-1.0,1.92,59,50,4.1
242,2026-01-12 17:05,2026-01-12 21:10,91149.90,91411.60,0.29,DOWN,LOSS,-1.0,0.37,59,50,4.1
243,2026-01-05 03:35,2026-01-05 04:45,92275.60,92610.40,0.36,UP,WIN,2.0,5.49,59,15,1.2
244,2025-11-28 13:55,2025-11-28 18:00,90633.00,91120.60,0.54,UP,LOSS,-1.0,0.03,59,50,4.1
245,2025-11-22 22:10,2025-11-22 23:05,85775.00,86120.00,0.40,UP,WIN,2.0,2.14,59,12,0.9
246,2026-01-04 09:35,2026-01-04 13:40,91099.20,91344.40,0.27,DOWN,LOSS,-1.0,1.18,59,50,4.1
247,2025-11-15 04:35,2025-11-15 08:40,95650.00,96044.60,0.41,UP,LOSS,-1.0,1.00,59,50,4.1
248,2025-12-31 16:20,2025-12-31 17:50,87705.50,87834.90,0.15,DOWN,LOSS,-1.0,1.47,59,19,1.5
249,2025-11-08 02:15,2025-11-08 05:20,101832.80,102349.40,0.51,UP,LOSS,-1.0,0.46,59,38,3.1
250,2025-12-31 19:50,2025-12-31 23:05,87747.00,88022.10,0.31,DOWN,LOSS,-1.0,0.84,59,40,3.2
251,2025-12-29 15:20,2025-12-29 19:25,87039.80,87439.30,0.46,DOWN,LOSS,-1.0,0.65,59,50,4.1
252,2025-12-28 03:15,2025-12-28 07:20,87722.70,87942.40,0.25,UP,LOSS,-1.0,0.55,59,50,4.1
253,2025-12-19 19:45,2025-12-19 21:40,87917.70,88126.40,0.24,UP,LOSS,-1.0,1.98,59,24,1.9
254,2025-12-04 06:30,2025-12-04 10:35,92690.00,93008.30,0.34,DOWN,LOSS,-1.0,5.94,58,50,4.1
255,2026-01-02 01:40,2026-01-02 03:55,88870.00,89061.80,0.22,UP,WIN,2.0,9.89,58,28,2.2
256,2025-11-26 03:15,2025-11-26 03:55,87411.60,87648.00,0.27,DOWN,WIN,2.0,4.90,58,9,0.7
257,2025-12-27 12:25,2025-12-27 16:30,87476.60,87539.80,0.07,UP,WIN,2.0,6.62,58,50,4.1
258,2026-01-11 20:25,2026-01-11 21:10,91048.60,91500.00,0.50,UP,WIN,2.0,2.22,58,10,0.8
259,2026-01-07 11:35,2026-01-07 15:40,90970.00,91514.00,0.60,DOWN,LOSS,-1.0,1.35,57,50,4.1
260,2026-01-11 21:50,2026-01-12 01:55,92101.50,92500.00,0.43,DOWN,WIN,2.0,5.10,57,50,4.1
261,2025-11-26 16:15,2025-11-26 20:20,89757.60,90472.90,0.80,UP,WIN,2.0,2.00,57,50,4.1
262,2025-11-10 17:50,2025-11-10 21:55,105767.20,106241.80,0.45,UP,LOSS,-1.0,1.73,57,50,4.1
263,2025-12-24 20:50,2025-12-24 21:40,87520.80,87728.10,0.24,UP,LOSS,-1.0,1.04,56,11,0.8
264,2025-12-30 11:25,2025-12-30 12:40,88531.00,89251.50,0.81,DOWN,LOSS,-1.0,0.98,56,16,1.2
265,2025-12-17 05:25,2025-12-17 06:35,86439.70,86799.90,0.42,UP,WIN,2.0,9.83,56,15,1.2
266,2026-01-10 20:45,2026-01-10 23:10,90549.10,90652.80,0.11,UP,LOSS,-1.0,1.93,56,30,2.4
267,2025-12-04 19:55,2025-12-05 00:00,92182.50,92556.40,0.41,DOWN,WIN,2.0,3.53,56,50,4.1
268,2025-11-11 01:00,2025-11-11 05:05,104849.90,105290.00,0.42,UP,LOSS,-1.0,0.46,56,50,4.1
269,2025-12-22 03:35,2025-12-22 06:40,89168.50,89745.30,0.65,UP,LOSS,-1.0,1.46,55,38,3.1
270,2025-11-30 07:35,2025-11-30 08:15,91166.50,91499.00,0.36,UP,LOSS,-1.0,1.40,55,9,0.7
271,2025-11-25 20:25,2025-11-25 22:40,87384.80,88200.00,0.93,DOWN,LOSS,-1.0,0.94,55,28,2.2
272,2025-11-05 01:40,2025-11-05 05:45,101668.70,102092.40,0.42,DOWN,LOSS,-1.0,1.01,55,50,4.1
273,2025-12-26 22:40,2025-12-27 02:45,87430.00,87491.20,0.07,UP,WIN,2.0,2.35,55,50,4.1
274,2025-12-10 06:30,2025-12-10 10:35,91710.30,92339.40,0.69,UP,LOSS,-1.0,3.37,55,50,4.1
275,2025-12-30 12:45,2025-12-30 16:50,88040.20,88500.00,0.52,UP,LOSS,-1.0,0.76,55,50,4.1
276,2026-01-05 04:50,2026-01-05 08:55,92625.50,92924.70,0.32,DOWN,LOSS,-1.0,0.92,55,50,4.1
277,2025-12-03 18:10,2025-12-03 19:05,93389.00,93981.20,0.63,DOWN,LOSS,-1.0,1.30,55,12,0.9
278,2026-01-12 03:35,2026-01-12 07:40,90315.80,91100.10,0.87,DOWN,LOSS,-1.0,0.32,55,50,4.1
279,2025-11-09 22:55,2025-11-10 03:00,105800.00,106268.00,0.44,UP,LOSS,-1.0,0.68,55,50,4.1
280,2025-11-14 23:25,2025-11-15 03:30,95871.30,96236.00,0.38,DOWN,LOSS,-1.0,0.95,55,50,4.1
281,2025-12-07 00:35,2025-12-07 02:15,89424.40,89580.00,0.17,DOWN,WIN,2.0,11.21,55,21,1.7
282,2025-11-13 05:15,2025-11-13 08:25,102717.90,103246.00,0.51,DOWN,LOSS,-1.0,9.06,55,39,3.2
283,2025-11-16 21:10,2025-11-17 01:15,94867.20,95378.50,0.54,UP,LOSS,-1.0,1.31,55,50,4.1
284,2025-11-08 07:15,2025-11-08 11:20,101701.60,102066.30,0.36,DOWN,LOSS,-1.0,0.72,55,50,4.1
285,2025-11-10 03:15,2025-11-10 07:20,105853.30,106294.80,0.42,UP,LOSS,-1.0,0.66,55,50,4.1
286,2025-12-08 02:00,2025-12-08 04:00,91318.30,91845.60,0.58,UP,LOSS,-1.0,0.79,55,25,2.0
287,2025-12-23 05:20,2025-12-23 06:15,87458.20,87620.20,0.19,UP,LOSS,-1.0,3.89,55,12,0.9
288,2025-12-10 22:20,2025-12-10 23:45,89536.20,89986.40,0.50,UP,LOSS,-1.0,1.18,55,18,1.4
289,2025-11-22 09:20,2025-11-22 13:25,84212.30,84658.20,0.53,UP,LOSS,-1.0,3.68,55,50,4.1
290,2025-11-27 02:40,2025-11-27 04:15,91170.80,91473.40,0.33,UP,LOSS,-1.0,1.42,54,20,1.6
291,2025-12-11 00:05,2025-12-11 04:10,90020.00,90313.10,0.33,UP,LOSS,-1.0,1.11,54,50,4.1
292,2025-11-12 15:10,2025-11-12 19:15,101314.30,101792.70,0.47,UP,LOSS,-1.0,4.68,54,50,4.1
293,2025-11-25 05:10,2025-11-25 06:55,86894.40,87278.30,0.44,UP,LOSS,-1.0,2.21,54,22,1.8
294,2025-11-29 13:50,2025-11-29 17:55,90559.90,90823.10,0.29,UP,LOSS,-1.0,0.79,54,50,4.1
295,2026-01-01 19:40,2026-01-01 21:00,88613.70,88863.00,0.28,DOWN,LOSS,-1.0,1.15,54,17,1.3
296,2026-01-08 01:50,2026-01-08 02:30,89586.50,90239.00,0.73,UP,LOSS,-1.0,0.74,54,9,0.7
297,2025-12-24 16:10,2025-12-24 20:15,87555.30,87783.70,0.26,UP,LOSS,-1.0,0.70,54,50,4.1
298,2025-12-05 15:20,2025-12-05 19:25,89132.90,89679.00,0.61,DOWN,LOSS,-1.0,0.04,54,50,4.1
299,2025-12-23 01:10,2025-12-23 05:15,86987.60,87726.30,0.85,UP,LOSS,-1.0,0.71,54,50,4.1
300,2025-12-05 00:05,2025-12-05 02:00,91828.10,92170.50,0.37,UP,LOSS,-1.0,0.84,54,24,1.9
301,2025-11-06 23:15,2025-11-07 00:00,101530.10,102020.00,0.48,UP,LOSS,-1.0,0.97,54,10,0.8
302,2026-01-02 14:05,2026-01-02 18:10,89642.60,90123.40,0.54,UP,LOSS,-1.0,0.67,54,50,4.1
303,2025-12-09 23:55,2025-12-10 04:00,92462.00,92685.20,0.24,DOWN,LOSS,-1.0,4.38,54,50,4.1
304,2025-12-17 15:40,2025-12-17 19:45,85750.00,86130.10,0.44,UP,WIN,2.0,2.60,54,50,4.1
305,2025-12-14 21:30,2025-12-15 01:35,89190.10,89679.70,0.55,UP,LOSS,-1.0,0.55,54,50,4.1
306,2025-11-08 15:35,2025-11-08 17:05,101960.30,102128.80,0.17,UP,LOSS,-1.0,1.85,54,19,1.5
307,2026-01-03 20:30,2026-01-03 23:10,90967.50,91257.90,0.32,UP,LOSS,-1.0,1.78,54,33,2.7
308,2025-11-16 02:15,2025-11-16 04:35,95677.00,96025.60,0.36,UP,LOSS,-1.0,1.63,54,29,2.3
309,2025-12-26 02:50,2025-12-26 06:55,88310.00,88860.60,0.62,UP,LOSS,-1.0,0.38,54,50,4.1
310,2025-12-20 02:15,2025-12-20 06:20,88136.20,88270.40,0.15,UP,LOSS,-1.0,0.90,54,50,4.1
311,2025-12-23 22:05,2025-12-24 02:10,86800.10,87300.00,0.58,DOWN,LOSS,-1.0,0.87,54,50,4.1
312,2025-11-27 08:35,2025-11-27 11:10,90457.20,90995.00,0.59,UP,WIN,2.0,1.50,54,32,2.6
313,2025-12-06 14:10,2025-12-06 18:15,89200.00,89533.10,0.37,DOWN,LOSS,-1.0,1.02,54,50,4.1
314,2025-12-12 14:10,2025-12-12 18:15,89954.80,90331.60,0.42,UP,LOSS,-1.0,0.33,54,50,4.1
315,2025-12-19 22:05,2025-12-20 02:10,88126.80,88299.60,0.20,UP,LOSS,-1.0,0.56,54,50,4.1
316,2026-01-09 17:50,2026-01-09 21:55,90546.50,90695.00,0.16,DOWN,LOSS,-1.0,1.16,54,50,4.1
317,2025-12-06 18:30,2025-12-06 19:30,88957.80,89315.20,0.40,UP,LOSS,-1.0,1.22,54,13,1.0
318,2026-01-10 04:30,2026-01-10 08:35,90575.80,90742.50,0.18,DOWN,LOSS,-1.0,1.46,54,50,4.1
319,2025-11-06 01:15,2025-11-06 04:00,103189.60,103550.00,0.35,DOWN,WIN,2.0,8.20,54,34,2.8
320,2025-11-13 03:05,2025-11-13 04:05,103326.60,103750.00,0.41,DOWN,WIN,2.0,7.54,54,13,1.0
321,2025-12-12 22:40,2025-12-13 02:45,90250.20,90428.50,0.20,UP,LOSS,-1.0,0.90,54,50,4.1
322,2026-01-08 20:20,2026-01-09 00:25,90795.00,91597.30,0.88,DOWN,LOSS,-1.0,1.43,53,50,4.1
323,2025-11-22 23:10,2025-11-23 01:10,86315.10,86850.00,0.62,DOWN,LOSS,-1.0,1.76,53,25,2.0
324,2026-01-09 22:40,2026-01-10 02:45,90462.70,90624.20,0.18,UP,LOSS,-1.0,1.16,53,50,4.1
325,2025-12-28 21:25,2025-12-28 22:10,88899.90,89289.70,0.44,UP,WIN,2.0,2.90,53,10,0.8
326,2025-11-16 06:20,2025-11-16 10:25,95456.10,96048.40,0.62,DOWN,WIN,2.0,4.28,52,50,4.1
327,2025-11-17 03:15,2025-11-17 07:20,95478.90,95989.00,0.53,DOWN,WIN,2.0,8.33,52,50,4.1
328,2025-11-23 09:40,2025-11-23 10:35,86400.10,86811.50,0.48,UP,WIN,2.0,3.09,52,12,0.9
329,2025-12-08 20:20,2025-12-09 00:25,89917.10,90477.00,0.62,DOWN,LOSS,-1.0,0.34,52,50,4.1
330,2025-12-07 02:20,2025-12-07 06:25,89156.20,89399.80,0.27,DOWN,LOSS,-1.0,6.06,52,50,4.1
331,2025-11-17 01:20,2025-11-17 02:15,94863.00,95311.80,0.47,UP,LOSS,-1.0,1.64,52,12,0.9
332,2025-11-08 11:25,2025-11-08 15:30,101621.10,101902.40,0.28,UP,LOSS,-1.0,1.91,51,50,4.1
333,2025-12-05 02:10,2025-12-05 03:00,92192.40,92457.60,0.29,DOWN,WIN,2.0,12.69,51,11,0.8
334,2025-12-09 01:55,2025-12-09 06:00,90033.40,90399.00,0.41,UP,LOSS,-1.0,11.35,50,50,4.1
335,2025-12-24 02:15,2025-12-24 03:45,86924.30,87145.30,0.25,DOWN,LOSS,-1.0,2.54,50,19,1.5
336,2026-01-09 12:30,2026-01-09 13:15,91008.10,91506.90,0.55,DOWN,LOSS,-1.0,1.87,49,10,0.8
337,2025-12-20 10:35,2025-12-20 14:40,88060.00,88199.80,0.16,UP,LOSS,-1.0,1.56,49,50,4.1
338,2025-12-28 12:35,2025-12-28 14:45,87583.00,87800.60,0.25,DOWN,LOSS,-1.0,1.00,48,27,2.2
339,2025-12-26 18:30,2025-12-26 22:35,87281.20,87445.50,0.19,UP,LOSS,-1.0,1.37,47,50,4.1
340,2025-11-27 23:10,2025-11-28 03:15,91172.20,91445.00,0.30,DOWN,LOSS,-1.0,0.99,47,50,4.1
341,2025-12-26 15:15,2025-12-26 18:25,87456.00,87749.00,0.34,DOWN,LOSS,-1.0,0.87,46,39,3.2
342,2025-11-29 11:50,2025-11-29 12:45,90551.10,90995.20,0.49,DOWN,LOSS,-1.0,1.08,46,12,0.9
343,2025-12-27 04:15,2025-12-27 06:50,87495.20,87631.90,0.16,DOWN,LOSS,-1.0,1.66,46,32,2.6
344,2025-11-30 23:10,2025-12-01 03:15,85650.00,86250.00,0.70,UP,LOSS,-1.0,1.06,46,50,4.1
345,2025-11-08 19:40,2025-11-08 23:45,101663.80,102030.00,0.36,DOWN,LOSS,-1.0,0.58,46,50,4.1
346,2025-11-26 22:30,2025-11-27 02:35,90969.60,91291.20,0.35,UP,LOSS,-1.0,1.90,45,50,4.1
347,2025-12-20 15:00,2025-12-20 19:05,88161.10,88277.50,0.13,UP,LOSS,-1.0,1.00,45,50,4.1
348,2025-11-12 04:20,2025-11-12 08:25,104370.20,105058.30,0.66,UP,LOSS,-1.0,0.13,45,50,4.1
349,2026-01-01 06:45,2026-01-01 10:50,87881.90,88000.00,0.13,DOWN,LOSS,-1.0,0.39,44,50,4.1
350,2025-11-24 20:05,2025-11-25 00:10,87845.70,88167.60,0.37,UP,LOSS,-1.0,0.11,44,50,4.1
351,2026-01-06 02:10,2026-01-06 06:15,93131.50,93573.00,0.47,UP,LOSS,-1.0,1.88,44,50,4.1
352,2025-12-19 15:35,2025-12-19 19:40,87845.00,88441.20,0.68,DOWN,LOSS,-1.0,-0.12,43,50,4.1
353,2025-12-13 15:55,2025-12-13 19:00,89712.70,90086.40,0.42,UP,LOSS,-1.0,0.95,43,38,3.1
354,2025-11-20 02:15,2025-11-20 06:20,91810.50,92372.00,0.61,DOWN,LOSS,-1.0,10.26,43,50,4.1
355,2025-12-09 18:05,2025-12-09 19:35,92512.00,92941.20,0.46,DOWN,LOSS,-1.0,1.38,42,19,1.5
356,2025-12-07 21:35,2025-12-08 01:40,90921.50,91411.30,0.54,UP,LOSS,-1.0,1.74,42,50,4.1
357,2026-01-03 23:15,2026-01-04 03:20,91275.00,91555.00,0.31,DOWN,LOSS,-1.0,1.10,42,50,4.1
358,2025-11-24 13:30,2025-11-24 15:35,88150.30,88767.10,0.70,UP,LOSS,-1.0,0.66,42,26,2.1
359,2025-11-29 08:00,2025-11-29 10:15,90540.80,90762.50,0.24,UP,LOSS,-1.0,1.65,41,28,2.2
360,2026-01-09 13:30,2026-01-09 17:35,90287.60,90925.60,0.71,DOWN,LOSS,-1.0,-0.13,41,50,4.1
361,2026-01-11 07:40,2026-01-11 11:45,90806.30,90986.10,0.20,UP,LOSS,-1.0,4.35,41,50,4.1
362,2025-12-24 05:40,2025-12-24 09:45,87018.00,87287.30,0.31,DOWN,LOSS,-1.0,1.80,40,50,4.1
363,2025-12-29 04:50,2025-12-29 06:25,87715.40,88258.60,0.62,DOWN,LOSS,-1.0,1.77,40,20,1.6
364,2025-12-20 20:35,2025-12-21 00:40,87953.60,88187.40,0.27,DOWN,LOSS,-1.0,1.80,40,50,4.1
365,2025-12-31 10:20,2025-12-31 11:40,87730.50,88121.90,0.45,DOWN,LOSS,-1.0,1.41,39,17,1.3
366,2025-11-28 22:15,2025-11-29 02:20,90605.00,90809.70,0.23,DOWN,LOSS,-1.0,1.37,39,50,4.1
367,2025-11-22 13:35,2025-11-22 16:05,84435.50,84764.20,0.39,DOWN,LOSS,-1.0,0.77,39,31,2.5
368,2025-12-30 03:05,2025-12-30 07:10,87606.30,88200.00,0.68,UP,LOSS,-1.0,1.98,38,50,4.1
369,2025-12-22 15:40,2025-12-22 19:45,88059.20,88466.30,0.46,UP,LOSS,-1.0,0.98,38,50,4.1
370,2026-01-01 16:55,2026-01-01 19:20,88343.30,88580.00,0.27,UP,LOSS,-1.0,2.41,38,30,2.4
371,2025-12-03 02:15,2025-12-03 06:20,92826.90,93159.20,0.36,DOWN,LOSS,-1.0,3.58,37,50,4.1
372,2025-11-27 11:25,2025-11-27 15:30,91099.00,91517.10,0.46,UP,LOSS,-1.0,0.40,37,50,4.1
373,2025-12-09 06:30,2025-12-09 07:15,90172.00,90418.50,0.27,UP,LOSS,-1.0,16.76,36,10,0.8
374,2025-12-04 15:25,2025-12-04 19:30,91905.70,92497.50,0.64,UP,LOSS,-1.0,0.27,36,50,4.1
375,2025-11-29 18:00,2025-11-29 22:05,90649.00,90864.60,0.24,DOWN,LOSS,-1.0,1.11,35,50,4.1
376,2025-11-05 20:30,2025-11-05 22:25,102766.20,103521.20,0.73,UP,LOSS,-1.0,0.86,35,24,1.9
377,2026-01-08 15:55,2026-01-08 20:00,90824.10,91149.30,0.36,UP,LOSS,-1.0,1.38,35,50,4.1
378,2025-12-03 15:50,2025-12-03 17:35,92806.30,93360.10,0.60,UP,LOSS,-1.0,1.50,35,22,1.8
379,2025-12-12 18:30,2025-12-12 22:35,90153.70,90409.00,0.28,UP,LOSS,-1.0,0.71,34,50,4.1
380,2025-11-25 23:45,2025-11-26 01:50,87128.80,87644.00,0.59,UP,LOSS,-1.0,0.58,34,26,2.1
381,2025-12-20 06:25,2025-12-20 10:30,88174.20,88265.00,0.10,DOWN,LOSS,-1.0,1.54,34,50,4.1
382,2025-12-24 12:00,2025-12-24 16:05,87238.60,87557.00,0.36,UP,LOSS,-1.0,1.49,33,50,4.1
383,2025-12-25 22:05,2025-12-26 02:10,88666.60,89220.40,0.62,UP,LOSS,-1.0,0.58,33,50,4.1
384,2025-12-17 21:15,2025-12-18 01:20,86247.70,86846.50,0.69,DOWN,LOSS,-1.0,-0.20,33,50,4.1
385,2025-12-02 22:00,2025-12-02 23:55,92521.90,93040.20,0.56,UP,LOSS,-1.0,1.72,33,24,1.9
386,2026-01-10 09:00,2026-01-10 13:05,90490.20,90631.70,0.16,DOWN,LOSS,-1.0,1.11,32,50,4.1
387,2026-01-07 15:45,2026-01-07 19:50,90944.20,91214.20,0.30,UP,LOSS,-1.0,1.58,31,50,4.1
388,2025-12-30 21:05,2025-12-30 23:20,88509.00,88719.80,0.24,DOWN,LOSS,-1.0,1.12,31,28,2.2
389,2026-01-01 22:30,2026-01-01 23:40,88786.00,89100.00,0.35,DOWN,LOSS,-1.0,0.81,30,15,1.2
390,2026-01-12 13:15,2026-01-12 16:20,91450.80,91933.70,0.53,DOWN,LOSS,-1.0,1.19,30,38,3.1
391,2025-12-17 00:50,2025-12-17 04:55,86520.10,86955.20,0.50,DOWN,LOSS,-1.0,0.93,30,50,4.1
392,2025-12-23 17:35,2025-12-23 21:40,87151.00,87622.20,0.54,DOWN,LOSS,-1.0,1.02,28,50,4.1
393,2025-12-16 17:20,2025-12-16 19:10,87670.80,87896.20,0.26,DOWN,LOSS,-1.0,6.67,27,23,1.8
394,2026-01-05 19:35,2026-01-05 23:40,93500.60,93927.10,0.46,UP,LOSS,-1.0,0.08,26,50,4.1
395,2026-01-04 03:55,2026-01-04 08:00,91205.00,91394.70,0.21,DOWN,LOSS,-1.0,2.09,26,50,4.1
396,2025-12-21 11:20,2025-12-21 15:25,88060.60,88347.70,0.33,UP,LOSS,-1.0,4.39,26,50,4.1
397,2025-11-30 09:20,2025-11-30 13:25,91200.30,91546.30,0.38,DOWN,LOSS,-1.0,13.73,25,50,4.1
