# Parametros: {"consol_min_bars": 8, "consol_max_bars": 100, "consol_max_range_pct": 10, "consol_atr_ratio": 1, "consol_body_ratio": 0.5, "consol_max_outside_bars": 3, "lookforward_bars": 100, "max_price_range_pct": 10, "entry_mode": "swing_confirmation", "position_mode": "sequential", "swing_bars": 3}
# Fecha: 2026-02-05T00:58:36.343468
zona_num;fecha_inicio;fecha_fin;precio_min;precio_max;rango_pct;direccion_breakout;precio_breakout;modo_entrada;precio_entrada;offset_barras;resultado;pnl_r;r_multiple;alcanzo_2r;alcanzo_3r;barras_cierre;velas_en_zona;duracion_horas;score
1;2026-01-29 09:05;2026-01-29 09:50;87464,3;88024,0;0,64;DOWN;86961,8;Swing Confirm;85114,4;12;WIN;2,0;26,85;Si;Si;25;10;0,8;100.0
2;2026-01-29 10:40;2026-01-29 13:15;84300,3;85114,4;0,96;DOWN;83968,4;Swing Confirm;84321,6;14;WIN;2,0;17,49;Si;Si;74;32;2,6;98.0
3;2026-01-18 18:05;2026-01-18 18:45;94388,8;95137,1;0,79;DOWN;93689,1;Swing Confirm;92993,0;10;WIN;2,0;30,61;Si;Si;343;9;0,7;97.0
4;2026-01-22 10:25;2026-01-22 13:15;88462,3;89418,4;1,07;UP;89546,5;Swing Confirm;89062,4;8;WIN;2,0;2,21;Si;No;271;35;2,8;93.0
5;2026-01-15 07:50;2026-01-15 09:30;96704,0;96948,3;0,25;DOWN;96147,0;Swing Confirm;96397,2;4;WIN;2,0;107,7;Si;Si;3;21;1,7;86.0
6;2026-01-08 01:05;2026-01-08 01:50;90150,0;90698,9;0,61;DOWN;89839,9;Swing Confirm;90720,1;19;WIN;2,0;37,59;Si;Si;72;10;0,8;85.0
7;2026-01-23 12:20;2026-01-23 14:10;90251,6;91180,0;1,02;DOWN;89932,7;Swing Confirm;90113,7;11;WIN;2,0;21,57;Si;Si;439;23;1,8;83.0
8;2026-01-21 14:35;2026-01-21 18:40;89691,1;90440,3;0,83;DOWN;89323,1;Swing Confirm;90172,2;19;WIN;2,0;26,81;Si;Si;170;50;4,1;82.0
9;2026-01-29 20:30;2026-01-30 04:45;81000,0;83855,4;3,46;DOWN;82321,4;Swing Confirm;82849,9;12;WIN;2,0;4,47;Si;Si;383;100;8,2;80.0
10;2026-01-25 11:55;2026-01-25 13:20;87698,3;88079,9;0,43;DOWN;87482,2;Swing Confirm;87464,0;7;WIN;2,0;45,54;Si;Si;5;18;1,4;79.0
11;2026-01-06 10:40;2026-01-06 11:20;93290,4;93727,0;0,47;DOWN;92792,1;Swing Confirm;92123,9;24;LOSS;-1,0;50,48;Si;Si;26;9;0,7;79.0
12;2026-01-12 03:35;2026-01-12 10:20;90315,8;91100,1;0,86;UP;91289,6;Swing Confirm;91538,5;11;WIN;2,0;8,19;Si;Si;280;82;6,8;78.0
13;2026-01-13 10:50;2026-01-13 14:25;92781,1;93667,8;0,95;UP;93917,8;Swing Confirm;94064,7;13;WIN;2,0;4,4;Si;Si;20;44;3,6;78.0
14;2026-01-28 13:00;2026-01-28 15:30;89444,9;90149,0;0,78;DOWN;89274,9;Swing Confirm;89448,0;13;WIN;2,0;27,5;Si;Si;59;31;2,5;77.0
15;2026-01-09 03:40;2026-01-09 05:35;89650,1;90434,7;0,87;UP;90459,8;Swing Confirm;90394,0;6;WIN;2,0;9,65;Si;Si;53;24;1,9;76.0
16;2026-01-21 12:10;2026-01-21 13:45;87212,0;88119,9;1,04;UP;88396,9;Swing Confirm;88240,9;3;WIN;2,0;3,24;Si;Si;7;20;1,6;75.0
17;2026-01-20 19:40;2026-01-20 21:00;88766,5;89092,0;0,37;UP;89197,7;Swing Confirm;88944,1;6;WIN;2,0;6,87;Si;Si;27;17;1,3;74.0
18;2026-01-28 20:50;2026-01-28 21:30;88423,0;88718,5;0,33;DOWN;88229,6;Swing Confirm;88229,0;7;WIN;2,0;61,4;Si;Si;137;9;0,7;73.0
19;2026-01-19 23:55;2026-01-20 01:30;91235,8;92101,1;0,94;DOWN;90901,4;Swing Confirm;91112,6;7;WIN;2,0;24,3;Si;Si;129;20;1,6;73.0
20;2026-01-09 10:30;2026-01-09 13:55;90788,6;92001,6;1,33;DOWN;90645,7;Swing Confirm;90570,0;10;LOSS;-1,0;16,89;Si;Si;654;42;3,4;72.0
21;2026-01-26 10:25;2026-01-26 18:40;87268,8;88468,8;1,37;UP;88446,8;Swing Confirm;88159,8;4;WIN;2,0;2,03;Si;No;502;100;8,2;69.0
22;2026-01-08 07:25;2026-01-08 10:05;89746,2;90049,0;0,34;UP;90278,0;Swing Confirm;90215,4;7;WIN;2,0;25,59;Si;Si;4;33;2,7;69.0
23;2026-02-04 13:20;2026-02-04 20:50;72677,6;74124,2;1,97;DOWN;72380,9;Swing Confirm;72819,9;8;WIN;1,491013410756261;1,89;No;No;41;91;7,5;69.0
24;2026-01-07 04:00;2026-01-07 09:05;91714,8;92674,0;1,04;DOWN;91648,8;Swing Confirm;92105,8;9;WIN;2,0;22,96;Si;Si;186;62;5,1;66.0
25;2026-01-15 13:35;2026-01-15 15:15;95510,0;96029,9;0,54;DOWN;95347,5;Swing Confirm;95420,0;8;WIN;2,0;48,73;Si;Si;223;21;1,7;66.0
26;2026-01-25 13:25;2026-01-25 14:20;86752,9;87591,0;0,96;DOWN;86427,9;Swing Confirm;86785,9;3;LOSS;-1,0;19,93;Si;Si;69;12;0,9;66.0
27;2026-02-04 08:50;2026-02-04 10:30;74758,8;75542,8;1,04;DOWN;74085,1;Swing Confirm;74213,5;10;WIN;2,0;5,27;Si;Si;13;21;1,7;62.0
28;2026-01-06 19:35;2026-01-06 20:25;92607,0;93273,3;0,72;DOWN;92467,1;Swing Confirm;93035,8;17;WIN;2,0;34,44;Si;Si;82;11;0,8;60.0
29;2026-01-15 09:40;2026-01-15 11:35;95519,1;96397,2;0,92;UP;96728,0;Swing Confirm;96351,6;7;LOSS;-1,0;0,78;No;No;27;24;1,9;59.0
30;2026-01-20 12:35;2026-01-20 17:30;89374,4;89921,3;0,61;DOWN;88509,8;Swing Confirm;88481,0;13;LOSS;-1,0;33,64;Si;Si;17;60;4,9;57.0
31;2026-01-21 06:55;2026-01-21 09:05;88145,2;88956,0;0,92;UP;89549,1;Swing Confirm;89306,7;8;LOSS;-1,0;2,31;Si;No;23;27;2,2;57.0
32;2026-01-06 15:05;2026-01-06 16:10;92276,4;92666,7;0,42;UP;93696,4;Swing Confirm;93120,0;7;LOSS;-1,0;12,41;Si;Si;38;14;1,1;57.0
33;2026-01-31 14:15;2026-01-31 18:15;77150,0;78345,1;1,54;UP;79175,2;Swing Confirm;78344,0;24;LOSS;-1,0;0,87;No;No;168;49;4,0;56.0
34;2026-01-16 10:20;2026-01-16 15:35;94241,3;95098,7;0,91;UP;95207,6;Swing Confirm;95310,0;7;LOSS;-1,0;0,4;No;No;604;64;5,2;56.0
35;2026-02-02 14:25;2026-02-02 17:00;78070,5;78515,8;0,57;UP;78705,0;Swing Confirm;78611,8;10;LOSS;-1,0;1,27;No;No;47;32;2,6;55.0
36;2026-01-21 00:05;2026-01-21 02:35;89377,5;89899,3;0,58;DOWN;89186,4;Swing Confirm;89357,8;8;WIN;2,0;36,93;Si;Si;47;31;2,5;55.0
37;2026-02-02 22:10;2026-02-02 23:35;77750,0;78600,0;1,09;UP;78952,4;Swing Confirm;78237,4;8;LOSS;-1,0;0,94;No;No;116;18;1,4;54.0
38;2026-02-03 11:05;2026-02-03 11:55;76524,2;77867,5;1,74;DOWN;76372,9;Swing Confirm;75215,7;28;LOSS;-1,0;3,82;Si;Si;15;11;0,8;53.0
39;2026-02-03 15:30;2026-02-03 23:45;75582,0;76913,8;1,75;UP;76450,5;Swing Confirm;76386,3;1;LOSS;-1,0;0,28;No;No;107;100;8,2;51.0
40;2026-01-06 02:05;2026-01-06 06:05;93160,2;93626,4;0,5;UP;93731,7;Swing Confirm;93743,7;17;LOSS;-1,0;9,05;Si;Si;46;49;4,0;50.0
41;2026-01-08 10:10;2026-01-08 11:55;90178,8;90659,8;0,53;UP;90992,8;Swing Confirm;90792,8;5;LOSS;-1,0;14,91;Si;Si;184;22;1,8;50.0
42;2026-01-11 20:05;2026-01-11 21:35;91048,6;91768,9;0,79;UP;91901,1;Swing Confirm;91704,9;16;LOSS;-1,0;8,69;Si;Si;56;19;1,5;49.0
43;2026-01-25 03:40;2026-01-25 05:05;88100,0;88410,5;0,35;UP;88444,2;Swing Confirm;88378,0;22;LOSS;-1,0;7,15;Si;Si;49;18;1,4;44.0
44;2026-01-15 05:05;2026-01-15 06:35;96691,8;96962,0;0,28;DOWN;96641,9;Swing Confirm;96664,8;6;LOSS;-1,0;98,37;Si;Si;10;19;1,5;43.0
45;2026-01-14 09:50;2026-01-14 11:35;96151,1;97090,1;0,97;UP;97463,0;Swing Confirm;97059,3;3;LOSS;-1,0;0,96;No;No;117;22;1,8;40.0
46;2026-01-25 20:10;2026-01-26 01:15;87192,2;87756,6;0,65;UP;87879,7;Swing Confirm;87806,0;3;LOSS;-1,0;4,95;Si;Si;115;62;5,1;39.0
47;2026-02-01 09:30;2026-02-01 15:50;77200,0;78509,4;1,68;DOWN;77067,8;Swing Confirm;77144,0;8;LOSS;-1,0;5,39;Si;Si;179;77;6,3;38.0
48;2026-02-02 07:05;2026-02-02 10:35;77795,9;78500,0;0,9;UP;78969,8;Swing Confirm;78559,5;3;LOSS;-1,0;0,97;No;No;61;43;3,5;35.0
49;2026-01-13 17:10;2026-01-14 01:25;94669,0;96654,0;2,08;DOWN;94627,5;Swing Confirm;95151,7;9;LOSS;-1,0;12,63;Si;Si;107;100;8,2;34.0
50;2026-01-14 20:05;2026-01-14 22:15;96260,0;96920,0;0,68;DOWN;96165,1;Swing Confirm;96365,7;12;LOSS;-1,0;39,82;Si;Si;65;27;2,2;34.0
51;2026-01-06 07:40;2026-01-06 08:35;93693,2;93878,0;0,2;DOWN;93663,4;Swing Confirm;94405,0;8;SKIPPED;0,0;0,0;No;No;0;12;0,9;0.0
52;2026-01-06 08:40;2026-01-06 10:35;93596,6;94189,8;0,63;DOWN;93434,3;Swing Confirm;93727,0;4;SKIPPED;0,0;0,0;No;No;0;24;1,9;0.0
53;2026-01-06 11:25;2026-01-06 12:40;92270,0;93188,2;0,99;DOWN;91794,2;Swing Confirm;92123,9;8;SKIPPED;0,0;0,0;No;No;0;16;1,2;0.0
54;2026-01-06 12:45;2026-01-06 15:00;91217,2;92200,0;1,07;UP;92348,6;Swing Confirm;92330,2;12;SKIPPED;0,0;0,0;No;No;0;28;2,2;0.0
55;2026-01-06 17:05;2026-01-06 18:30;92905,1;93494,1;0,63;UP;93540,0;Swing Confirm;92607,0;16;SKIPPED;0,0;0,0;No;No;0;18;1,4;0.0
56;2026-01-06 18:35;2026-01-06 19:20;93500,6;93756,0;0,27;DOWN;93316,7;Swing Confirm;93035,8;30;SKIPPED;0,0;0,0;No;No;0;10;0,8;0.0
57;2026-01-06 20:30;2026-01-06 21:30;92201,4;92630,3;0,46;UP;92880,0;Swing Confirm;92698,5;13;SKIPPED;0,0;0,0;No;No;0;13;1,0;0.0
58;2026-01-06 21:35;2026-01-07 00:45;92644,4;93035,8;0,42;DOWN;92517,3;Swing Confirm;92860,7;8;SKIPPED;0,0;0,0;No;No;0;39;3,2;0.0
59;2026-01-07 00:50;2026-01-07 02:55;92470,0;92801,5;0,36;UP;92852,6;Swing Confirm;91533,4;21;SKIPPED;0,0;0,0;No;No;0;26;2,1;0.0
60;2026-01-07 03:00;2026-01-07 03:55;92710,0;92935,4;0,24;DOWN;92673,1;Swing Confirm;91839,8;14;SKIPPED;0,0;0,0;No;No;0;12;0,9;0.0
61;2026-01-07 09:10;2026-01-07 11:50;91314,0;92042,5;0,79;DOWN;91218,2;Swing Confirm;91655,5;8;SKIPPED;0,0;0,0;No;No;0;33;2,7;0.0
62;2026-01-07 11:55;2026-01-07 14:05;90970,0;91639,3;0,73;DOWN;90742,0;Swing Confirm;91283,6;10;SKIPPED;0,0;0,0;No;No;0;27;2,2;0.0
63;2026-01-07 14:15;2026-01-07 20:00;90624,3;91261,4;0,7;UP;91323,9;Swing Confirm;91261,9;8;SKIPPED;0,0;0,0;No;No;0;70;5,8;0.0
64;2026-01-07 20:15;2026-01-07 21:20;91261,9;91641,4;0,41;DOWN;91186,2;Swing Confirm;91093,3;8;SKIPPED;0,0;0,0;No;No;0;14;1,1;0.0
65;2026-01-07 21:25;2026-01-08 01:00;90700,1;91214,6;0,57;DOWN;90536,3;Swing Confirm;90720,1;29;SKIPPED;0,0;0,0;No;No;0;44;3,6;0.0
66;2026-01-08 01:55;2026-01-08 02:40;89586,5;90345,2;0,84;UP;90420,0;Swing Confirm;90103,2;13;SKIPPED;0,0;0,0;No;No;0;10;0,8;0.0
67;2026-01-08 02:45;2026-01-08 03:45;90362,8;90644,6;0,31;DOWN;90169,3;Swing Confirm;90098,2;12;SKIPPED;0,0;0,0;No;No;0;13;1,0;0.0
68;2026-01-08 04:20;2026-01-08 05:45;89891,4;90188,8;0,33;UP;90353,5;Swing Confirm;89980,0;11;SKIPPED;0,0;0,0;No;No;0;18;1,4;0.0
69;2026-01-08 05:55;2026-01-08 07:20;90026,4;90444,0;0,46;DOWN;89916,1;Swing Confirm;90049,0;5;SKIPPED;0,0;0,0;No;No;0;18;1,4;0.0
70;2026-01-08 12:40;2026-01-08 14:50;91060,3;91433,0;0,41;DOWN;90895,5;Swing Confirm;91149,3;16;SKIPPED;0,0;0,0;No;No;0;27;2,2;0.0
71;2026-01-08 14:55;2026-01-08 16:00;90512,1;90980,6;0,52;UP;91032,9;Swing Confirm;91123,6;12;SKIPPED;0,0;0,0;No;No;0;14;1,1;0.0
72;2026-01-08 16:05;2026-01-08 21:05;90980,7;91274,7;0,32;UP;91392,0;Swing Confirm;90923,6;10;SKIPPED;0,0;0,0;No;No;0;61;5,0;0.0
73;2026-01-08 21:35;2026-01-09 02:50;90923,6;91229,9;0,34;DOWN;90708,8;Swing Confirm;90821,9;5;SKIPPED;0,0;0,0;No;No;0;64;5,2;0.0
74;2026-01-09 06:15;2026-01-09 07:10;90408,7;90649,8;0,27;DOWN;90244,3;Swing Confirm;90951,5;15;SKIPPED;0,0;0,0;No;No;0;12;0,9;0.0
75;2026-01-09 07:15;2026-01-09 08:05;90170,6;90428,0;0,29;UP;90587,5;Swing Confirm;90350,7;4;SKIPPED;0,0;0,0;No;No;0;11;0,8;0.0
76;2026-01-09 08:10;2026-01-09 09:40;90350,7;90951,5;0,66;DOWN;89962,1;Swing Confirm;92001,6;9;SKIPPED;0,0;0,0;No;No;0;19;1,5;0.0
77;2026-01-09 09:45;2026-01-09 10:25;89785,0;90895,0;1,23;UP;91837,5;Swing Confirm;90788,6;5;SKIPPED;0,0;0,0;No;No;0;9;0,7;0.0
78;2026-01-09 14:00;2026-01-09 22:15;90128,7;90772,3;0,71;UP;90586,4;Swing Confirm;90530,9;5;SKIPPED;0,0;0,0;No;No;0;100;8,2;0.0
79;2026-01-09 22:40;2026-01-09 23:50;90462,7;90624,2;0,18;DOWN;90424,9;Swing Confirm;90596,2;9;SKIPPED;0,0;0,0;No;No;0;15;1,2;0.0
80;2026-01-10 04:30;2026-01-10 09:30;90575,8;90742,5;0,18;DOWN;90526,9;Swing Confirm;90700,0;19;SKIPPED;0,0;0,0;No;No;0;61;5,0;0.0
81;2026-01-10 12:55;2026-01-10 14:45;90467,0;90564,6;0,11;UP;90590,7;Swing Confirm;90434,5;15;SKIPPED;0,0;0,0;No;No;0;23;1,8;0.0
82;2026-01-10 15:35;2026-01-10 17:00;90434,5;90549,8;0,13;DOWN;90364,9;Swing Confirm;90563,6;8;SKIPPED;0,0;0,0;No;No;0;18;1,4;0.0
83;2026-01-10 17:05;2026-01-10 19:45;90332,8;90553,8;0,24;UP;90600,0;Swing Confirm;90508,3;9;SKIPPED;0,0;0,0;No;No;0;33;2,7;0.0
84;2026-01-10 20:45;2026-01-10 22:45;90549,1;90652,8;0,11;UP;90683,1;Swing Confirm;90634,2;4;SKIPPED;0,0;0,0;No;No;0;25;2,0;0.0
85;2026-01-10 22:50;2026-01-10 23:45;90634,2;90717,3;0,09;UP;90735,6;Swing Confirm;90700,1;6;SKIPPED;0,0;0,0;No;No;0;12;0,9;0.0
86;2026-01-11 02:35;2026-01-11 03:55;90562,6;90705,5;0,16;UP;90750,9;Swing Confirm;90625,4;8;SKIPPED;0,0;0,0;No;No;0;17;1,3;0.0
87;2026-01-11 04:30;2026-01-11 07:15;90625,4;90749,8;0,14;UP;90796,6;Swing Confirm;90778,2;17;SKIPPED;0,0;0,0;No;No;0;34;2,8;0.0
88;2026-01-11 07:30;2026-01-11 11:25;90771,4;90986,1;0,24;UP;91152,5;Swing Confirm;90915,5;4;SKIPPED;0,0;0,0;No;No;0;48;3,9;0.0
89;2026-01-11 12:10;2026-01-11 14:20;90867,7;91120,1;0,28;DOWN;90861,5;Swing Confirm;90717,2;18;SKIPPED;0,0;0,0;No;No;0;27;2,2;0.0
90;2026-01-11 14:25;2026-01-11 19:15;90547,5;90867,0;0,35;UP;91100,0;Swing Confirm;90624,7;6;SKIPPED;0,0;0,0;No;No;0;59;4,8;0.0
91;2026-01-11 19:20;2026-01-11 20:00;90624,7;91229,6;0,67;UP;91477,5;Swing Confirm;91048,6;6;SKIPPED;0,0;0,0;No;No;0;9;0,7;0.0
92;2026-01-11 21:40;2026-01-12 02:30;91822,9;92482,4;0,72;DOWN;91631,9;Swing Confirm;91592,7;7;SKIPPED;0,0;0,0;No;No;0;59;4,8;0.0
93;2026-01-12 02:35;2026-01-12 03:30;91300,0;91715,1;0,45;DOWN;90730,3;Swing Confirm;90899,0;11;SKIPPED;0,0;0,0;No;No;0;12;0,9;0.0
94;2026-01-12 10:25;2026-01-12 11:25;91115,9;91815,7;0,77;UP;92002,6;Swing Confirm;90955,9;12;SKIPPED;0,0;0,0;No;No;0;13;1,0;0.0
95;2026-01-12 12:20;2026-01-12 20:35;90955,9;92073,4;1,22;DOWN;91048,7;Swing Confirm;91336,5;5;SKIPPED;0,0;0,0;No;No;0;100;8,2;0.0
96;2026-01-12 20:40;2026-01-12 22:55;91003,0;91336,5;0,37;UP;91353,7;Swing Confirm;91299,8;8;SKIPPED;0,0;0,0;No;No;0;28;2,2;0.0
97;2026-01-12 23:00;2026-01-13 00:15;91325,0;91689,8;0,4;UP;92139,0;Swing Confirm;91816,4;3;SKIPPED;0,0;0,0;No;No;0;16;1,2;0.0
98;2026-01-13 01:55;2026-01-13 04:00;91878,0;92248,0;0,4;UP;92329,9;Swing Confirm;91917,0;7;SKIPPED;0,0;0,0;No;No;0;26;2,1;0.0
99;2026-01-13 04:05;2026-01-13 10:30;91917,0;92660,0;0,81;UP;92968,7;Swing Confirm;93034,6;10;SKIPPED;0,0;0,0;No;No;0;78;6,4;0.0
100;2026-01-13 14:30;2026-01-13 17:05;93757,9;94363,7;0,64;UP;95562,3;Swing Confirm;95092,8;5;SKIPPED;0,0;0,0;No;No;0;32;2,6;0.0
101;2026-01-14 01:30;2026-01-14 02:45;94509,0;95095,6;0,62;UP;95205,0;Swing Confirm;94852,6;13;SKIPPED;0,0;0,0;No;No;0;16;1,2;0.0
102;2026-01-14 02:55;2026-01-14 03:35;95090,3;95317,5;0,24;DOWN;94942,5;Swing Confirm;95167,0;9;SKIPPED;0,0;0,0;No;No;0;9;0,7;0.0
103;2026-01-14 03:45;2026-01-14 06:45;94852,6;95153,1;0,32;DOWN;94759,9;Swing Confirm;95143,9;9;SKIPPED;0,0;0,0;No;No;0;37;3,0;0.0
104;2026-01-14 09:05;2026-01-14 09:45;95178,3;95995,0;0,85;UP;96744,9;Swing Confirm;96250,3;11;SKIPPED;0,0;0,0;No;No;0;9;0,7;0.0
105;2026-01-14 11:40;2026-01-14 13:10;97059,3;97750,2;0,71;DOWN;96823,7;Swing Confirm;97083,3;3;SKIPPED;0,0;0,0;No;No;0;19;1,5;0.0
106;2026-01-14 13:25;2026-01-14 14:35;96200,0;97083,3;0,91;UP;97302,1;Swing Confirm;97146,7;4;SKIPPED;0,0;0,0;No;No;0;15;1,2;0.0
107;2026-01-14 14:40;2026-01-14 18:20;97146,7;97963,2;0,84;DOWN;96933,9;Swing Confirm;96948,3;10;SKIPPED;0,0;0,0;No;No;0;45;3,7;0.0
108;2026-01-14 18:25;2026-01-14 19:25;96736,8;97100,0;0,37;DOWN;96508,8;Swing Confirm;96920,0;7;SKIPPED;0,0;0,0;No;No;0;13;1,0;0.0
109;2026-01-14 22:35;2026-01-14 23:20;95714,3;96076,8;0,38;UP;96190,9;Swing Confirm;96112,5;6;SKIPPED;0,0;0,0;No;No;0;10;0,8;0.0
110;2026-01-14 23:25;2026-01-15 02:30;96112,5;96437,9;0,34;UP;96526,0;Swing Confirm;96235,2;11;SKIPPED;0,0;0,0;No;No;0;38;3,1;0.0
111;2026-01-15 02:35;2026-01-15 04:30;96400,3;96714,2;0,33;UP;96929,9;Swing Confirm;96691,8;13;SKIPPED;0,0;0,0;No;No;0;24;1,9;0.0
112;2026-01-15 06:40;2026-01-15 07:40;96460,0;96686,3;0,23;UP;96726,1;Swing Confirm;96800,2;5;SKIPPED;0,0;0,0;No;No;0;13;1,0;0.0
113;2026-01-15 11:40;2026-01-15 13:10;96351,6;96849,8;0,52;DOWN;96035,0;Swing Confirm;95666,5;19;SKIPPED;0,0;0,0;No;No;0;19;1,5;0.0
114;2026-01-15 15:20;2026-01-15 16:40;95071,8;95431,5;0,38;UP;95573,3;Swing Confirm;95428,1;5;SKIPPED;0,0;0,0;No;No;0;17;1,3;0.0
115;2026-01-15 17:00;2026-01-15 22:35;95428,1;95835,0;0,43;DOWN;95399,4;Swing Confirm;95552,4;9;SKIPPED;0,0;0,0;No;No;0;68;5,6;0.0
116;2026-01-15 22:50;2026-01-15 23:35;95268,5;95552,4;0,3;DOWN;95185,5;Swing Confirm;95399,9;6;SKIPPED;0,0;0,0;No;No;0;10;0,8;0.0
117;2026-01-15 23:40;2026-01-16 00:35;95072,9;95399,9;0,34;UP;95552,2;Swing Confirm;95485,8;8;SKIPPED;0,0;0,0;No;No;0;12;0,9;0.0
118;2026-01-16 01:05;2026-01-16 05:15;95485,8;95800,0;0,33;DOWN;95373,0;Swing Confirm;95544,1;25;SKIPPED;0,0;0,0;No;No;0;51;4,2;0.0
119;2026-01-16 05:20;2026-01-16 10:15;95256,9;95444,1;0,2;DOWN;94974,5;Swing Confirm;94922,5;12;SKIPPED;0,0;0,0;No;No;0;60;4,9;0.0
120;2026-01-16 15:45;2026-01-17 00:00;95162,3;95557,6;0,41;DOWN;95155,0;Swing Confirm;95300,8;4;SKIPPED;0,0;0,0;No;No;0;100;8,2;0.0
121;2026-01-17 00:05;2026-01-17 01:00;95236,7;95341,3;0,11;DOWN;95206,7;Swing Confirm;95300,8;7;SKIPPED;0,0;0,0;No;No;0;12;0,9;0.0
122;2026-01-17 01:35;2026-01-17 08:35;95039,5;95300,8;0,27;UP;95381,0;Swing Confirm;95304,5;4;SKIPPED;0,0;0,0;No;No;0;85;7,0;0.0
123;2026-01-17 10:25;2026-01-17 11:30;95387,0;95555,4;0,18;DOWN;95304,0;Swing Confirm;95405,0;12;SKIPPED;0,0;0,0;No;No;0;14;1,1;0.0
124;2026-01-17 11:35;2026-01-17 13:05;95164,0;95367,3;0,21;UP;95385,5;Swing Confirm;95230,0;20;SKIPPED;0,0;0,0;No;No;0;19;1,5;0.0
125;2026-01-17 13:35;2026-01-17 14:15;95335,4;95420,0;0,09;DOWN;95294,8;Swing Confirm;95322,1;3;SKIPPED;0,0;0,0;No;No;0;9;0,7;0.0
126;2026-01-17 16:05;2026-01-17 17:10;95235,6;95378,9;0,15;DOWN;95199,9;Swing Confirm;95181,0;8;SKIPPED;0,0;0,0;No;No;0;14;1,1;0.0
127;2026-01-17 17:20;2026-01-17 21:25;94970,1;95200,0;0,24;DOWN;94882,6;Swing Confirm;95179,9;15;SKIPPED;0,0;0,0;No;No;0;50;4,1;0.0
128;2026-01-17 22:35;2026-01-18 02:30;95066,6;95179,9;0,12;DOWN;95000,0;Swing Confirm;95163,4;13;SKIPPED;0,0;0,0;No;No;0;48;3,9;0.0
129;2026-01-18 02:35;2026-01-18 03:25;94973,9;95050,0;0,08;UP;95067,4;Swing Confirm;95098,0;7;SKIPPED;0,0;0,0;No;No;0;11;0,8;0.0
130;2026-01-18 03:30;2026-01-18 04:30;95054,4;95163,4;0,11;UP;95204,0;Swing Confirm;95034,0;6;SKIPPED;0,0;0,0;No;No;0;13;1,0;0.0
131;2026-01-18 08:20;2026-01-18 12:15;94840,9;95160,0;0,34;UP;95187,6;Swing Confirm;95142,9;4;SKIPPED;0,0;0,0;No;No;0;48;3,9;0.0
132;2026-01-18 13:05;2026-01-18 18:00;95114,9;95417,0;0,32;DOWN;94994,3;Swing Confirm;95137,1;3;SKIPPED;0,0;0,0;No;No;0;60;4,9;0.0
133;2026-01-18 19:10;2026-01-19 03:25;92090,1;92993,0;0,98;UP;93076,0;Swing Confirm;92883,6;9;SKIPPED;0,0;0,0;No;No;0;100;8,2;0.0
134;2026-01-19 03:30;2026-01-19 11:45;92834,4;93314,0;0,52;UP;93317,1;Swing Confirm;93090,1;2;SKIPPED;0,0;0,0;No;No;0;100;8,2;0.0
135;2026-01-19 12:05;2026-01-19 13:10;93099,9;93354,0;0,27;DOWN;93057,4;Swing Confirm;93088,7;6;SKIPPED;0,0;0,0;No;No;0;14;1,1;0.0
136;2026-01-19 13:15;2026-01-19 15:00;92869,7;93088,7;0,24;UP;93114,2;Swing Confirm;92935,9;14;SKIPPED;0,0;0,0;No;No;0;22;1,8;0.0
137;2026-01-19 15:05;2026-01-19 16:10;93080,4;93261,8;0,19;DOWN;93011,7;Swing Confirm;93024,0;14;SKIPPED;0,0;0,0;No;No;0;14;1,1;0.0
138;2026-01-19 16:15;2026-01-19 17:25;92935,9;93066,7;0,14;DOWN;92800,7;Swing Confirm;92718,6;12;SKIPPED;0,0;0,0;No;No;0;15;1,2;0.0
139;2026-01-19 17:30;2026-01-19 23:50;92161,9;92934,8;0,84;DOWN;92026,5;Swing Confirm;91770,6;7;SKIPPED;0,0;0,0;No;No;0;77;6,3;0.0
140;2026-01-20 01:55;2026-01-20 05:15;90751,6;91112,6;0,4;UP;91143,8;Swing Confirm;91100,0;3;SKIPPED;0,0;0,0;No;No;0;41;3,3;0.0
141;2026-01-20 05:20;2026-01-20 06:00;91100,0;91257,3;0,17;UP;91340,0;Swing Confirm;91005,9;15;SKIPPED;0,0;0,0;No;No;0;9;0,7;0.0
142;2026-01-20 06:05;2026-01-20 07:15;91212,0;91415,9;0,22;DOWN;91018,9;Swing Confirm;91248,3;8;SKIPPED;0,0;0,0;No;No;0;15;1,2;0.0
143;2026-01-20 08:20;2026-01-20 09:45;90718,8;91066,8;0,38;DOWN;90433,1;Swing Confirm;90766,3;9;SKIPPED;0,0;0,0;No;No;0;18;1,4;0.0
144;2026-01-20 10:15;2026-01-20 12:30;89958,4;90766,3;0,89;DOWN;89704,6;Swing Confirm;89914,7;8;SKIPPED;0,0;0,0;No;No;0;28;2,2;0.0
145;2026-01-20 17:35;2026-01-20 19:35;88059,0;88636,9;0,65;UP;88794,2;Swing Confirm;88800,0;5;SKIPPED;0,0;0,0;No;No;0;25;2,0;0.0
146;2026-01-20 21:05;2026-01-20 22:40;88944,1;89314,2;0,42;UP;89448,3;Swing Confirm;89285,6;6;SKIPPED;0,0;0,0;No;No;0;20;1,6;0.0
147;2026-01-21 02:40;2026-01-21 04:15;89048,3;89279,5;0,26;UP;89386,4;Swing Confirm;89022,0;8;SKIPPED;0,0;0,0;No;No;0;20;1,6;0.0
148;2026-01-21 04:20;2026-01-21 06:50;89022,5;89452,7;0,48;DOWN;88750,9;Swing Confirm;88960,0;14;SKIPPED;0,0;0,0;No;No;0;31;2,5;0.0
149;2026-01-21 09:15;2026-01-21 10:05;89295,6;89959,8;0,74;UP;90309,3;Swing Confirm;89798,0;5;SKIPPED;0,0;0,0;No;No;0;11;0,8;0.0
150;2026-01-21 10:10;2026-01-21 11:10;89798,0;90542,2;0,83;DOWN;89644,4;Swing Confirm;88119,9;17;SKIPPED;0,0;0,0;No;No;0;13;1,0;0.0
151;2026-01-21 18:45;2026-01-21 19:25;89311,5;89763,6;0,5;UP;89850,0;Swing Confirm;89773,2;6;SKIPPED;0,0;0,0;No;No;0;9;0,7;0.0
152;2026-01-21 19:30;2026-01-21 21:10;89773,2;90082,5;0,34;UP;90205,1;Swing Confirm;89780,2;7;SKIPPED;0,0;0,0;No;No;0;21;1,7;0.0
153;2026-01-21 21:15;2026-01-22 05:30;89780,2;90337,9;0,62;DOWN;89979,5;Swing Confirm;90072,0;3;SKIPPED;0,0;0,0;No;No;0;100;8,2;0.0
154;2026-01-22 06:10;2026-01-22 08:35;89850,0;90100,0;0,28;DOWN;89583,3;Swing Confirm;89656,6;7;SKIPPED;0,0;0,0;No;No;0;30;2,4;0.0
155;2026-01-22 09:35;2026-01-22 10:20;88932,7;89700,0;0,86;DOWN;88614,7;Swing Confirm;89418,4;4;SKIPPED;0,0;0,0;No;No;0;10;0,8;0.0
156;2026-01-22 13:20;2026-01-22 20:45;89253,0;89749,0;0,55;UP;89827,5;Swing Confirm;89753,7;3;SKIPPED;0,0;0,0;No;No;0;90;7,4;0.0
157;2026-01-22 22:00;2026-01-22 23:10;89600,0;89896,5;0,33;UP;89940,7;Swing Confirm;89870,8;3;SKIPPED;0,0;0,0;No;No;0;15;1,2;0.0
158;2026-01-22 23:15;2026-01-23 00:05;89870,8;90062,7;0,21;DOWN;89854,0;Swing Confirm;89761,6;11;SKIPPED;0,0;0,0;No;No;0;11;0,8;0.0
159;2026-01-23 00:10;2026-01-23 03:15;89488,9;89857,0;0,41;DOWN;89436,8;Swing Confirm;89374,0;5;SKIPPED;0,0;0,0;No;No;0;38;3,1;0.0
160;2026-01-23 03:20;2026-01-23 04:40;89077,2;89479,9;0,45;DOWN;88951,4;Swing Confirm;89092,3;7;SKIPPED;0,0;0,0;No;No;0;17;1,3;0.0
161;2026-01-23 04:45;2026-01-23 06:05;88806,8;89092,3;0,32;UP;89163,6;Swing Confirm;89042,0;17;SKIPPED;0,0;0,0;No;No;0;17;1,3;0.0
162;2026-01-23 06:10;2026-01-23 09:00;89118,5;89312,0;0,22;UP;89390,1;Swing Confirm;88500,0;14;SKIPPED;0,0;0,0;No;No;0;35;2,8;0.0
163;2026-01-23 09:35;2026-01-23 10:40;88606,4;89162,0;0,63;UP;89801,5;Swing Confirm;89432,5;9;SKIPPED;0,0;0,0;No;No;0;14;1,1;0.0
164;2026-01-23 10:50;2026-01-23 11:35;89452,8;89933,4;0,54;UP;90235,1;Swing Confirm;89920,6;5;SKIPPED;0,0;0,0;No;No;0;10;0,8;0.0
165;2026-01-23 15:30;2026-01-23 23:45;89162,0;89767,0;0,68;UP;89791,6;Swing Confirm;89576,8;16;SKIPPED;0,0;0,0;No;No;0;100;8,2;0.0
166;2026-01-24 00:50;2026-01-24 04:35;89576,8;89744,3;0,19;DOWN;89564,8;Swing Confirm;89618,2;6;SKIPPED;0,0;0,0;No;No;0;46;3,8;0.0
167;2026-01-24 05:30;2026-01-24 07:00;89532,7;89588,7;0,06;DOWN;89518,7;Swing Confirm;89539,7;5;SKIPPED;0,0;0,0;No;No;0;19;1,5;0.0
168;2026-01-24 07:15;2026-01-24 09:10;89434,8;89539,7;0,12;DOWN;89399,9;Swing Confirm;89464,0;5;SKIPPED;0,0;0,0;No;No;0;24;1,9;0.0
169;2026-01-24 09:15;2026-01-24 10:30;89385,3;89464,0;0,09;DOWN;89320,5;Swing Confirm;89373,7;19;SKIPPED;0,0;0,0;No;No;0;16;1,2;0.0
170;2026-01-24 10:45;2026-01-24 12:55;89113,2;89322,4;0,23;UP;89344,1;Swing Confirm;89222,0;16;SKIPPED;0,0;0,0;No;No;0;27;2,2;0.0
171;2026-01-24 14:10;2026-01-24 15:20;89222,0;89318,1;0,11;UP;89357,0;Swing Confirm;89224,8;8;SKIPPED;0,0;0,0;No;No;0;15;1,2;0.0
172;2026-01-24 17:45;2026-01-24 18:50;89254,1;89440,0;0,21;DOWN;89177,1;Swing Confirm;89262,1;5;SKIPPED;0,0;0,0;No;No;0;14;1,1;0.0
173;2026-01-24 19:00;2026-01-24 22:10;89120,4;89262,1;0,16;DOWN;89019,6;Swing Confirm;88992,2;10;SKIPPED;0,0;0,0;No;No;0;39;3,2;0.0
174;2026-01-24 22:40;2026-01-24 23:30;88802,2;88992,2;0,21;UP;89034,8;Swing Confirm;88948,8;5;SKIPPED;0,0;0,0;No;No;0;11;0,8;0.0
175;2026-01-24 23:35;2026-01-25 00:30;88948,8;89074,5;0,14;DOWN;88893,9;Swing Confirm;88897,6;13;SKIPPED;0,0;0,0;No;No;0;12;0,9;0.0
176;2026-01-25 02:30;2026-01-25 03:35;88586,3;88753,1;0,19;DOWN;88276,1;Swing Confirm;88357,1;4;SKIPPED;0,0;0,0;No;No;0;14;1,1;0.0
177;2026-01-25 05:45;2026-01-25 07:30;88500,1;88634,1;0,15;UP;88686,5;Swing Confirm;88661,1;3;SKIPPED;0,0;0,0;No;No;0;22;1,8;0.0
178;2026-01-25 07:35;2026-01-25 10:35;88661,1;88832,3;0,19;DOWN;88643,4;Swing Confirm;88103,6;10;SKIPPED;0,0;0,0;No;No;0;37;3,0;0.0
179;2026-01-25 14:25;2026-01-25 19:05;86142,3;86785,9;0,74;UP;87023,7;Swing Confirm;86446,8;7;SKIPPED;0,0;0,0;No;No;0;57;4,7;0.0
180;2026-01-25 19:10;2026-01-25 20:05;86446,8;87150,0;0,81;UP;87232,0;Swing Confirm;87381,2;10;SKIPPED;0,0;0,0;No;No;0;12;0,9;0.0
181;2026-01-26 01:20;2026-01-26 03:20;87806,0;87999,8;0,22;UP;88152,2;Swing Confirm;87555,0;17;SKIPPED;0,0;0,0;No;No;0;25;2,0;0.0
182;2026-01-26 03:25;2026-01-26 10:10;87750,1;88216,9;0,53;UP;88652,1;Swing Confirm;87268,8;6;SKIPPED;0,0;0,0;No;No;0;82;6,8;0.0
183;2026-01-26 19:30;2026-01-26 20:30;88150,0;88367,4;0,25;UP;88609,9;Swing Confirm;88464,5;4;SKIPPED;0,0;0,0;No;No;0;13;1,0;0.0
184;2026-01-26 20:35;2026-01-27 01:10;88464,5;88750,0;0,32;DOWN;88445,2;Swing Confirm;88525,3;15;SKIPPED;0,0;0,0;No;No;0;56;4,6;0.0
185;2026-01-27 01:45;2026-01-27 03:35;88225,6;88464,1;0,27;DOWN;88180,2;Swing Confirm;88015,8;13;SKIPPED;0,0;0,0;No;No;0;23;1,8;0.0
186;2026-01-27 04:05;2026-01-27 05:30;87862,3;88065,8;0,23;DOWN;87788,8;Swing Confirm;88050,0;15;SKIPPED;0,0;0,0;No;No;0;18;1,4;0.0
187;2026-01-27 05:35;2026-01-27 06:30;87688,1;87865,0;0,2;UP;87906,2;Swing Confirm;87905,6;5;SKIPPED;0,0;0,0;No;No;0;12;0,9;0.0
188;2026-01-27 06:35;2026-01-27 08:05;87901,6;88061,2;0,18;DOWN;87862,6;Swing Confirm;88027,9;6;SKIPPED;0,0;0,0;No;No;0;19;1,5;0.0
189;2026-01-27 08:50;2026-01-27 10:25;87824,4;88400,0;0,65;DOWN;87646,3;Swing Confirm;88673,5;8;SKIPPED;0,0;0,0;No;No;0;20;1,6;0.0
190;2026-01-27 10:35;2026-01-27 12:40;87590,2;88673,5;1,23;DOWN;87359,3;Swing Confirm;87828,6;3;SKIPPED;0,0;0,0;No;No;0;26;2,1;0.0
191;2026-01-27 12:45;2026-01-27 13:50;87234,0;87914,3;0,78;UP;88242,1;Swing Confirm;88123,6;7;SKIPPED;0,0;0,0;No;No;0;14;1,1;0.0
192;2026-01-27 13:55;2026-01-27 15:05;87972,3;88480,7;0,58;UP;88704,3;Swing Confirm;88774,7;6;SKIPPED;0,0;0,0;No;No;0;15;1,2;0.0
193;2026-01-27 15:10;2026-01-27 23:25;88561,9;89470,8;1,02;DOWN;88981,2;Swing Confirm;89094,9;2;SKIPPED;0,0;0,0;No;No;0;100;8,2;0.0
194;2026-01-27 23:40;2026-01-28 01:00;88856,4;89094,9;0,27;UP;89153,9;Swing Confirm;89080,4;7;SKIPPED;0,0;0,0;No;No;0;17;1,3;0.0
195;2026-01-28 01:30;2026-01-28 03:40;89080,4;89366,3;0,32;DOWN;89008,0;Swing Confirm;89696,9;18;SKIPPED;0,0;0,0;No;No;0;27;2,2;0.0
196;2026-01-28 03:50;2026-01-28 04:30;88815,6;89045,0;0,26;UP;89299,9;Swing Confirm;89291,2;10;SKIPPED;0,0;0,0;No;No;0;9;0,7;0.0
197;2026-01-28 04:35;2026-01-28 06:45;89076,5;89625,5;0,61;UP;90014,1;Swing Confirm;89753,9;6;SKIPPED;0,0;0,0;No;No;0;27;2,2;0.0
198;2026-01-28 06:50;2026-01-28 08:30;89733,0;90146,8;0,46;UP;90244,2;Swing Confirm;89401,2;14;SKIPPED;0,0;0,0;No;No;0;21;1,7;0.0
199;2026-01-28 08:35;2026-01-28 09:15;90091,1;90455,7;0,4;DOWN;89977,5;Swing Confirm;90107,8;3;SKIPPED;0,0;0,0;No;No;0;9;0,7;0.0
200;2026-01-28 09:20;2026-01-28 10:10;89401,2;90107,8;0,79;DOWN;89137,4;Swing Confirm;89594,6;6;SKIPPED;0,0;0,0;No;No;0;11;0,8;0.0
201;2026-01-28 10:15;2026-01-28 12:40;88836,3;89594,6;0,85;UP;89862,0;Swing Confirm;89444,9;3;SKIPPED;0,0;0,0;No;No;0;30;2,4;0.0
202;2026-01-28 15:35;2026-01-28 20:45;88813,0;89365,6;0,62;DOWN;88506,0;Swing Confirm;88718,5;4;SKIPPED;0,0;0,0;No;No;0;63;5,2;0.0
203;2026-01-28 21:35;2026-01-29 05:50;87650,0;88296,2;0,73;DOWN;87900,2;Swing Confirm;88021,1;3;SKIPPED;0,0;0,0;No;No;0;100;8,2;0.0
204;2026-01-29 05:55;2026-01-29 07:55;87722,0;88021,1;0,34;UP;88081,4;Swing Confirm;87896,3;13;SKIPPED;0,0;0,0;No;No;0;25;2,0;0.0
205;2026-01-29 13:20;2026-01-29 16:00;83351,3;84194,5;1,01;UP;84401,7;Swing Confirm;84177,0;4;SKIPPED;0,0;0,0;No;No;0;33;2,7;0.0
206;2026-01-29 16:05;2026-01-29 16:50;84177,0;84437,8;0,31;UP;84485,1;Swing Confirm;84268,0;3;SKIPPED;0,0;0,0;No;No;0;10;0,8;0.0
207;2026-01-29 17:20;2026-01-29 18:30;84325,9;84542,9;0,26;UP;84688,3;Swing Confirm;84213,8;11;SKIPPED;0,0;0,0;No;No;0;15;1,2;0.0
208;2026-01-29 19:00;2026-01-29 19:55;84213,8;84692,3;0,57;DOWN;84045,6;Swing Confirm;82382,4;26;SKIPPED;0,0;0,0;No;No;0;12;0,9;0.0
209;2026-01-30 04:50;2026-01-30 05:45;82081,7;82590,5;0,62;UP;82767,6;Swing Confirm;82622,9;11;SKIPPED;0,0;0,0;No;No;0;12;0,9;0.0
210;2026-01-30 05:50;2026-01-30 06:50;82641,9;82886,7;0,3;UP;83103,7;Swing Confirm;82569,5;6;SKIPPED;0,0;0,0;No;No;0;13;1,0;0.0
211;2026-01-30 07:20;2026-01-30 09:10;82569,5;82877,3;0,37;UP;82950,3;Swing Confirm;82734,6;3;SKIPPED;0,0;0,0;No;No;0;23;1,8;0.0
212;2026-01-30 10:40;2026-01-30 13:50;82654,6;83347,3;0,83;UP;83895,3;Swing Confirm;83505,0;17;SKIPPED;0,0;0,0;No;No;0;39;3,2;0.0
213;2026-01-30 13:55;2026-01-30 22:10;83726,9;84499,9;0,92;UP;84182,2;Swing Confirm;83986,2;9;SKIPPED;0,0;0,0;No;No;0;100;8,2;0.0
214;2026-01-30 22:15;2026-01-30 23:45;84000,0;84193,6;0,23;DOWN;83917,7;Swing Confirm;84001,1;4;SKIPPED;0,0;0,0;No;No;0;19;1,5;0.0
215;2026-01-31 01:00;2026-01-31 02:30;83595,0;84006,1;0,49;DOWN;83418,8;Swing Confirm;83599,1;5;SKIPPED;0,0;0,0;No;No;0;19;1,5;0.0
216;2026-01-31 02:35;2026-01-31 03:25;83135,0;83599,1;0,56;DOWN;82931,6;Swing Confirm;83261,0;7;SKIPPED;0,0;0,0;No;No;0;11;0,8;0.0
217;2026-01-31 03:30;2026-01-31 09:10;82530,0;83261,0;0,88;DOWN;82233,0;Swing Confirm;81745,9;10;SKIPPED;0,0;0,0;No;No;0;69;5,7;0.0
218;2026-01-31 09:20;2026-01-31 11:45;80750,0;82329,2;1,94;DOWN;80103,6;Swing Confirm;79096,8;14;SKIPPED;0,0;0,0;No;No;0;30;2,4;0.0
219;2026-01-31 12:25;2026-01-31 13:30;78452,0;79250,0;1,01;DOWN;77511,8;Swing Confirm;78544,7;7;SKIPPED;0,0;0,0;No;No;0;14;1,1;0.0
220;2026-01-31 18:20;2026-02-01 01:45;78473,5;79239,7;0,97;DOWN;78328,0;Swing Confirm;78693,1;10;SKIPPED;0,0;0,0;No;No;0;90;7,4;0.0
221;2026-02-01 02:30;2026-02-01 04:30;78136,1;78693,1;0,71;UP;78787,7;Swing Confirm;78116,0;16;SKIPPED;0,0;0,0;No;No;0;25;2,0;0.0
222;2026-02-01 04:35;2026-02-01 05:35;78701,7;79187,0;0,61;DOWN;78333,5;Swing Confirm;78470,2;6;SKIPPED;0,0;0,0;No;No;0;13;1,0;0.0
223;2026-02-01 05:45;2026-02-01 06:30;78116,0;78488,8;0,48;UP;78714,8;Swing Confirm;78200,1;9;SKIPPED;0,0;0,0;No;No;0;10;0,8;0.0
224;2026-02-01 06:40;2026-02-01 09:05;78407,2;78843,7;0,56;DOWN;78145,1;Swing Confirm;78509,4;8;SKIPPED;0,0;0,0;No;No;0;30;2,4;0.0
225;2026-02-01 16:10;2026-02-01 17:30;76400,0;77144,0;0,97;UP;77524,8;Swing Confirm;75663,2;7;SKIPPED;0,0;0,0;No;No;0;17;1,3;0.0
226;2026-02-01 18:15;2026-02-01 19:15;76111,7;77600,0;1,94;UP;77927,0;Swing Confirm;76558,4;11;SKIPPED;0,0;0,0;No;No;0;13;1,0;0.0
227;2026-02-01 19:20;2026-02-01 20:55;77532,9;78177,9;0,83;DOWN;77362,5;Swing Confirm;76431,3;23;SKIPPED;0,0;0,0;No;No;0;20;1,6;0.0
228;2026-02-01 21:00;2026-02-01 21:50;76728,7;77529,9;1,04;DOWN;76450,6;Swing Confirm;76431,3;12;SKIPPED;0,0;0,0;No;No;0;11;0,8;0.0
229;2026-02-01 23:25;2026-02-02 00:05;75667,6;76592,7;1,22;DOWN;75481,1;Swing Confirm;75635,5;8;SKIPPED;0,0;0,0;No;No;0;9;0,7;0.0
230;2026-02-02 00:10;2026-02-02 01:40;74849,3;75547,0;0,93;UP;76133,7;Swing Confirm;76290,1;6;SKIPPED;0,0;0,0;No;No;0;19;1,5;0.0
231;2026-02-02 01:50;2026-02-02 04:15;76048,0;76814,0;1,0;UP;77051,7;Swing Confirm;77418,5;12;SKIPPED;0,0;0,0;No;No;0;30;2,4;0.0
232;2026-02-02 04:25;2026-02-02 07:00;76970,1;77777,0;1,04;UP;77905,4;Swing Confirm;77746,3;11;SKIPPED;0,0;0,0;No;No;0;32;2,6;0.0
233;2026-02-02 10:40;2026-02-02 14:15;78559,5;79388,0;1,05;DOWN;78365,3;Swing Confirm;78515,8;5;SKIPPED;0,0;0,0;No;No;0;44;3,6;0.0
234;2026-02-02 17:05;2026-02-02 21:35;78550,0;78825,4;0,35;DOWN;78353,7;Swing Confirm;78868,8;15;SKIPPED;0,0;0,0;No;No;0;55;4,5;0.0
235;2026-02-03 00:05;2026-02-03 03:30;78237,4;78775,1;0,68;UP;78939,6;Swing Confirm;77870,9;11;SKIPPED;0,0;0,0;No;No;0;42;3,4;0.0
236;2026-02-03 03:35;2026-02-03 09:45;78121,9;79040,0;1,17;DOWN;77573,9;Swing Confirm;78192,9;8;SKIPPED;0,0;0,0;No;No;0;75;6,2;0.0
237;2026-02-03 14:30;2026-02-03 15:20;74288,6;75204,4;1,23;UP;75620,4;Swing Confirm;75468,8;22;SKIPPED;0,0;0,0;No;No;0;11;0,8;0.0
238;2026-02-03 23:50;2026-02-04 00:40;76325,0;76514,9;0,25;DOWN;76224,9;Swing Confirm;76553,4;5;SKIPPED;0,0;0,0;No;No;0;11;0,8;0.0
239;2026-02-04 01:05;2026-02-04 03:20;76372,7;76718,5;0,45;DOWN;76087,5;Swing Confirm;76578,8;7;SKIPPED;0,0;0,0;No;No;0;28;2,2;0.0
240;2026-02-04 03:40;2026-02-04 06:00;76121,2;76578,8;0,6;DOWN;75786,2;Swing Confirm;76210,0;6;SKIPPED;0,0;0,0;No;No;0;29;2,3;0.0
241;2026-02-04 06:05;2026-02-04 08:35;75635,2;76210,0;0,76;DOWN;75322,9;Swing Confirm;75746,5;11;SKIPPED;0,0;0,0;No;No;0;31;2,5;0.0
242;2026-02-04 20:55;2026-02-04 22:25;71620,0;72588,5;1,34;DOWN;71410,1;Swing Confirm;71431,1;8;SKIPPED;0,0;0,0;No;No;0;19;1,5;0.0
243;2026-02-04 22:30;2026-02-05 00:15;70673,3;71586,5;1,28;DOWN;70275,2;Swing Confirm;71133,9;4;SKIPPED;0,0;0,0;No;No;0;22;1,8;0.0
